-- phpMyAdmin SQL Dump
-- version 5.1.1
-- https://www.phpmyadmin.net/
--
-- Host: 127.0.0.1:3306
-- Generation Time: Apr 08, 2022 at 01:35 PM
-- Server version: 8.0.27
-- PHP Version: 7.4.26

SET SQL_MODE = "NO_AUTO_VALUE_ON_ZERO";
START TRANSACTION;
SET time_zone = "+00:00";


/*!40101 SET @OLD_CHARACTER_SET_CLIENT=@@CHARACTER_SET_CLIENT */;
/*!40101 SET @OLD_CHARACTER_SET_RESULTS=@@CHARACTER_SET_RESULTS */;
/*!40101 SET @OLD_COLLATION_CONNECTION=@@COLLATION_CONNECTION */;
/*!40101 SET NAMES utf8mb4 */;

--
-- Database: `css_db`
--

-- --------------------------------------------------------

--
-- Table structure for table `box`
--

DROP TABLE IF EXISTS `box`;
CREATE TABLE IF NOT EXISTS `box` (
  `id` int NOT NULL AUTO_INCREMENT,
  `email` varchar(255) NOT NULL,
  `sender` varchar(255) NOT NULL,
  `msg` varchar(255) NOT NULL,
  `time` varchar(255) NOT NULL,
  `date` varchar(255) NOT NULL,
  PRIMARY KEY (`id`)
) ENGINE=InnoDB AUTO_INCREMENT=140 DEFAULT CHARSET=latin1;

--
-- Dumping data for table `box`
--

INSERT INTO `box` (`id`, `email`, `sender`, `msg`, `time`, `date`) VALUES
(135, 'demo@gmail.com', 'Customer', 'hello sir', '01:22 pm', '26-Mar-2022'),
(136, 'admin', '', 'hello sir', '01:28 pm', '26-Mar-2022'),
(137, 'stuff@gmail.com', '', 'hi', '10:12 am', '27-Mar-2022'),
(138, 'admin', '', 'Plase ', '12:59 pm', '02-Apr-2022'),
(139, 'staff@gmail.com', '', 'Dear sir', '07:50 pm', '03-Apr-2022');

-- --------------------------------------------------------

--
-- Table structure for table `comments`
--

DROP TABLE IF EXISTS `comments`;
CREATE TABLE IF NOT EXISTS `comments` (
  `id` int NOT NULL AUTO_INCREMENT,
  `user_id` int NOT NULL,
  `user_type` tinyint(1) NOT NULL COMMENT '1= admin, 2= staff,3= customer',
  `ticket_id` int NOT NULL,
  `comment` text NOT NULL,
  `date_created` datetime NOT NULL DEFAULT CURRENT_TIMESTAMP,
  PRIMARY KEY (`id`)
) ENGINE=InnoDB AUTO_INCREMENT=7 DEFAULT CHARSET=utf8mb4 COLLATE=utf8mb4_0900_ai_ci;

--
-- Dumping data for table `comments`
--

INSERT INTO `comments` (`id`, `user_id`, `user_type`, `ticket_id`, `comment`, `date_created`) VALUES
(2, 5, 2, 3, '&lt;p&gt;ok working&lt;/p&gt;', '2022-03-26 23:57:46'),
(3, 7, 2, 5, '&lt;p&gt;Your issue want found&lt;/p&gt;', '2022-04-02 00:00:17'),
(4, 7, 3, 5, '&lt;p&gt;Thank you&amp;nbsp;&lt;/p&gt;', '2022-04-02 00:00:58'),
(5, 7, 3, 5, '&lt;p&gt;&lt;span style=&quot;font-size: 24px;&quot;&gt;﻿&lt;/span&gt;&lt;span style=&quot;font-size: 24px;&quot;&gt;Hello&lt;/span&gt;&lt;/p&gt;', '2022-04-02 00:01:21'),
(6, 1, 1, 5, '&lt;p&gt;Sorry&lt;/p&gt;', '2022-04-02 00:02:08');

-- --------------------------------------------------------

--
-- Table structure for table `customers`
--

DROP TABLE IF EXISTS `customers`;
CREATE TABLE IF NOT EXISTS `customers` (
  `id` int NOT NULL AUTO_INCREMENT,
  `firstname` varchar(200) NOT NULL,
  `lastname` varchar(200) NOT NULL,
  `middlename` varchar(200) NOT NULL,
  `contact` varchar(100) NOT NULL,
  `address` text NOT NULL,
  `email` varchar(200) NOT NULL,
  `password` text NOT NULL,
  `date_created` datetime NOT NULL DEFAULT CURRENT_TIMESTAMP,
  `status` int NOT NULL,
  PRIMARY KEY (`id`)
) ENGINE=InnoDB AUTO_INCREMENT=12 DEFAULT CHARSET=utf8mb4 COLLATE=utf8mb4_0900_ai_ci;

--
-- Dumping data for table `customers`
--

INSERT INTO `customers` (`id`, `firstname`, `lastname`, `middlename`, `contact`, `address`, `email`, `password`, `date_created`, `status`) VALUES
(4, 'Customer', 'one', 'customer', '654165324198', 'Dhaka Bangladesh ', 'demo@gmail.com', '81dc9bdb52d04dc20036dbd8313ed055', '2022-02-22 14:45:19', 0),
(8, 'Unknown', 'Unknown', 'Unknown', '0016846851', 'Unknown', 'unknown@gmail.com', '81dc9bdb52d04dc20036dbd8313ed055', '2022-04-03 19:46:35', 0),
(9, 'Rayhan', 'Sumon', 'Mahmud', '01307405879', 'Khulna ', 'loroviw865@vsooc.com', '1ca15c5af91796bd5c28c1d5ccb123ac', '2022-04-05 19:23:13', 0),
(10, 'akhi', 'tonima', 'akter ', '0123457888', 'khulna ', 'akhi@gmail.com', '81dc9bdb52d04dc20036dbd8313ed055', '2022-04-05 22:20:23', 0);

-- --------------------------------------------------------

--
-- Table structure for table `departments`
--

DROP TABLE IF EXISTS `departments`;
CREATE TABLE IF NOT EXISTS `departments` (
  `id` int NOT NULL AUTO_INCREMENT,
  `name` text NOT NULL,
  `description` text NOT NULL,
  `date_created` datetime NOT NULL DEFAULT CURRENT_TIMESTAMP,
  PRIMARY KEY (`id`)
) ENGINE=InnoDB AUTO_INCREMENT=8 DEFAULT CHARSET=utf8mb4 COLLATE=utf8mb4_0900_ai_ci;

--
-- Dumping data for table `departments`
--

INSERT INTO `departments` (`id`, `name`, `description`, `date_created`) VALUES
(1, 'I.T. Department', 'Information technology Department', '2020-11-09 11:43:18'),
(3, 'Walton Ref', 'Some test', '2022-02-24 14:14:34');

-- --------------------------------------------------------

--
-- Table structure for table `product`
--

DROP TABLE IF EXISTS `product`;
CREATE TABLE IF NOT EXISTS `product` (
  `id` int NOT NULL AUTO_INCREMENT,
  `product_name` text NOT NULL,
  `description` text NOT NULL,
  `date_created` datetime NOT NULL DEFAULT CURRENT_TIMESTAMP,
  PRIMARY KEY (`id`)
) ENGINE=InnoDB AUTO_INCREMENT=8 DEFAULT CHARSET=utf8mb4 COLLATE=utf8mb4_0900_ai_ci;

--
-- Dumping data for table `product`
--

INSERT INTO `product` (`id`, `product_name`, `description`, `date_created`) VALUES
(1, 'WALTON Laptop', 'LAPTOP Accecoriesss', '2020-11-09 11:43:18'),
(5, 'refrigerator', 'refrigerator  problem solved ', '2022-04-06 16:41:48'),
(7, 'mobile phone ', 'mobile realtive  problem solve', '2022-04-06 17:25:03');

-- --------------------------------------------------------

--
-- Table structure for table `staff`
--

DROP TABLE IF EXISTS `staff`;
CREATE TABLE IF NOT EXISTS `staff` (
  `id` int NOT NULL AUTO_INCREMENT,
  `department_id` int NOT NULL,
  `firstname` varchar(200) NOT NULL,
  `lastname` varchar(200) NOT NULL,
  `middlename` varchar(200) NOT NULL,
  `contact` varchar(100) NOT NULL,
  `address` text NOT NULL,
  `email` varchar(200) NOT NULL,
  `password` text NOT NULL,
  `date_created` datetime NOT NULL DEFAULT CURRENT_TIMESTAMP,
  `status` int NOT NULL,
  PRIMARY KEY (`id`)
) ENGINE=InnoDB AUTO_INCREMENT=9 DEFAULT CHARSET=utf8mb4 COLLATE=utf8mb4_0900_ai_ci;

--
-- Dumping data for table `staff`
--

INSERT INTO `staff` (`id`, `department_id`, `firstname`, `lastname`, `middlename`, `contact`, `address`, `email`, `password`, `date_created`, `status`) VALUES
(2, 1, 'Demo ', 'One', 'Staff ', '0130449896848', 'Dhaka bangladesh ', 'staff@gmail.com', '81dc9bdb52d04dc20036dbd8313ed055', '2022-02-22 14:44:07', 0),
(5, 3, 'Rahim', 'kabir', 'hossain', '1546528', 'Pabna', 'staff2@gmail.com', '81dc9bdb52d04dc20036dbd8313ed055', '2022-03-26 23:54:22', 0),
(6, 1, 'Pritu', 'moni', 'prity', '5448961', 'Dhaka', 'pritu@gmail.com', '81dc9bdb52d04dc20036dbd8313ed055', '2022-04-01 23:11:41', 0),
(7, 7, 'korim', 'rohim', 'rohim', '1234', 'Dhaka', 'korim@gmail.com', '81dc9bdb52d04dc20036dbd8313ed055', '2022-04-01 23:58:41', 0),
(8, 1, 'saimon ', 'rohman', 'ahmed ', '5448961', 'kumila', 'staff4@gmail.com', '81dc9bdb52d04dc20036dbd8313ed055', '2022-04-05 22:15:43', 0);

-- --------------------------------------------------------

--
-- Table structure for table `supplier`
--

DROP TABLE IF EXISTS `supplier`;
CREATE TABLE IF NOT EXISTS `supplier` (
  `id` int NOT NULL AUTO_INCREMENT,
  `product_id` int NOT NULL,
  `firstname` varchar(200) NOT NULL,
  `lastname` varchar(200) NOT NULL,
  `middlename` varchar(200) NOT NULL,
  `contact` varchar(100) NOT NULL,
  `address` text NOT NULL,
  `email` varchar(200) NOT NULL,
  `password` text NOT NULL,
  `date_created` datetime NOT NULL DEFAULT CURRENT_TIMESTAMP,
  PRIMARY KEY (`id`)
) ENGINE=InnoDB AUTO_INCREMENT=5 DEFAULT CHARSET=utf8mb4 COLLATE=utf8mb4_0900_ai_ci;

--
-- Dumping data for table `supplier`
--

INSERT INTO `supplier` (`id`, `product_id`, `firstname`, `lastname`, `middlename`, `contact`, `address`, `email`, `password`, `date_created`) VALUES
(1, 1, 'supplier George', 'Wilson', 'K', '+6948 8542 623', 'Sample Address', 'supplier@sample.com', '81dc9bdb52d04dc20036dbd8313ed055', '2020-11-09 11:59:01'),
(4, 1, 'Demo title ', 'sam', 'demo0', '2598528', 's', 'saml@gmail.com', '81dc9bdb52d04dc20036dbd8313ed055', '2022-04-06 16:41:38');

-- --------------------------------------------------------

--
-- Table structure for table `tickets`
--

DROP TABLE IF EXISTS `tickets`;
CREATE TABLE IF NOT EXISTS `tickets` (
  `id` int NOT NULL AUTO_INCREMENT,
  `subject` text NOT NULL,
  `description` text NOT NULL,
  `status` tinyint(1) NOT NULL COMMENT '0=Pending,1=on process,2= Closed',
  `department_id` int NOT NULL,
  `customer_id` int NOT NULL,
  `staff_id` int NOT NULL,
  `admin_id` int NOT NULL,
  `date_created` datetime NOT NULL DEFAULT CURRENT_TIMESTAMP,
  PRIMARY KEY (`id`)
) ENGINE=InnoDB AUTO_INCREMENT=9 DEFAULT CHARSET=utf8mb4 COLLATE=utf8mb4_0900_ai_ci;

--
-- Dumping data for table `tickets`
--

INSERT INTO `tickets` (`id`, `subject`, `description`, `status`, `department_id`, `customer_id`, `staff_id`, `admin_id`, `date_created`) VALUES
(3, 'IUBAT Didir Canteen Walton Fridge issues  ', '&lt;p&gt;Walton fridge creating problem&amp;nbsp;&lt;/p&gt;', 3, 3, 4, 5, 0, '2022-03-26 23:47:31');
INSERT INTO `tickets` (`id`, `subject`, `description`, `status`, `department_id`, `customer_id`, `staff_id`, `admin_id`, `date_created`) VALUES
(6, 'My mobile phone is broke ', '&lt;p&gt;&lt;img src=&quot;data:image/png;base64,iVBORw0KGgoAAAANSUhEUgAAAQMAAADCCAIAAADCcDA5AAAgAElEQVR4nNy9W7MkyXEm9rl7RGZdzqV7enowGIIACXJBQUuttLZL6efoT+gnrZne9SKTSc8yo0yixOVqSeMuQQAzmFt3n1tV5SUi3F0PkZmnzjl1GtMguOAq5lhMdlZWVmSEXz/38KT//n/cAaC51WMA7r6cZOb50IspYORYLmYAwNgPAMjh7gAAkDs5t7IywqDddXdDK9lst6uwzoPSIGLMCnczGgsnZTUomQDsc6sjASAieNLIUVIif/oJQggnzgICqgfHNz8+8+gjh56+z6nxLLP3tB3/0D/g+jon9tx9Hoz8mb4eMPPJ31W9v9syNiIys+OBzbdy81TH82j2Tl0MwNh9mdKnS/D4pDNcgNNDfdqcUOB+akaXJ3pI6s4CwAGER+MgosoDy2jqmeW3nhtEpYyFE9ydAXI2s/VmxUA8a6521yXn/aAtr4j8iPVmlnMCEXD/KHUwC1c8eXTQc6T0TFseZ3nSe9Y9EgFHk/Ahd/+n2h497Pvn7NGnyyKdnDciAh6fOZ7SR5OMxxT1+J+/o0bBzJbhLq1SXp0CMzuSH/X8dDQ9AxFmGfyUEwIFAHkcV+fNxWa93m76fRJjLyzEYLgDxEIMcoeD2I1A5PDpzx1EpicEoeNZTnjPYj9difsbPmYD/0BG+6fefi3ZHesBPJyck5ICIPcTc/jc7fEMO/2OmIHhABmcJ07AE8WB+ZGYeWEGdwPBK8U+fJhYrRE70r8AOXvxnEfNaXfdcUvRHSLDMLa8BUDE7mQQpsjkzlBnxzTjxzbSop0fNSHGh9PqSdV38soPXaAPXdF/bAp4RL54r4x49K1HXPHctfiABSCiyZg9qS7+0zd3hxPgoVLYE/vpvq9sUBmGaDLf6EghVsHMzO5OfORjuBOo77rVqrncnl3dfhtY0n4fudV+COfbOonuYIjBmcRIyNyEH7GBuz9nl8szy/CsXY4Hwn45OLYBHsgq+zA++y35A9+JXr97eySzv8uVj5ihri+eUrAL8ULN9YJHP+FHPQFOkDoMmntUITuP777/cCHHOC0y67oTaPmb7y91hZ/lhOWBj9iAiJyEccqKeOQwzU9obRuDkLhdrtdNI23bujqdbYUAgTq5k4PJWSgYzNmPPeb7u52iDMa9FnrUVE97utO8/EaS8j/H9kjvPdKE7/kKHjLD+wyeD5i66eKn9POd7/DbbDRDEKicQKf8hMU3eOQn4Bk/YeKoIz+h/nO7Xa0Crq+uN+v4V//PX8QoTbP6L376L8YRRiCHOhzszgxWkAAEx+yrTMxwZLM9aprL6Yd85vpFJxxf+UhF/P/PT/juRshzOgFPxMf8EbnzfNGxEFzakU4gcjfQPckdiaHfGjOwn8LWTukEJwEAZwABD0Xj/fCPiOABZUz9CS8TgNsx/gg3V7WXr3nsGh+7/+nf/Bvsbs9++Id/9D/8mOPWMd2OnABiF0DZ3ZmekuBz1pGV98n+59qplXjf+e/e/qlZRw8svX+AXf6cpACYyN6jc/7B/sB3hVABVHz/JIr6a9sD66iequM+soiODSQvpQDGuA8yVJ2QcwawnGdmISIHMf/sF/uzaKYJjNWrj1iz5xTarROYQCByIjTiACylno/FCFH10YVOzwi37VPDDDOW9dTKYn98JR6y+vKtehBjfHT9+1d00Z/f5WL89ij+kZZb+qdIw/t/kZ6Z56d3rieeQzKqdXpsNtcWYwTZ03V5tIjLgRsdX7Ncuazvce9kz8VJUkqY6XwhXSPzmdPCU359KhePPq3+8TTQR8xDRIwHv0RMTs4CJhTNDdASRaZIRihOwQkGMEAO9sleAp2wWH7t8jzR2o+/OA3ymfPvuf8/qebuv0VD4gN/9wPa07X4tdfjiedW4YqT9Hn6Jg6Hnvxws9kcj6T2DEAYAJwfR9aWtqCrj+MJ9/30UT0WlkecwPXrAopE7iWlVtAKmkBBWOFGRVkMDJuMLXYWnlXCYnHVj56BEfQDafhZv48em2S/Ww55Zl1+5xGox42IgFPh/3vT34/+iAheYfL5ZDW5JzRy+vYCkwD44HWhU7NkWup3zY41Epq2BQBwqCeeytEJFX0ST/Aa9Zop/tiIOpqCedA1NsDshjR0kRCZW2EhTcgGLlAHORFZZS9fWOiRjH/u4U9e/FSb3UsaexxXPnn89J//mbbf1SM8s15Ul/ikDfLcnX4r4znGEo/JNQ9DPTiBovqRn4BT8QR3A+45xGdWIyKflUk9b2bmzlDV3O0PTAgMYQfMoQY1mJIHIwUUFULi6hh8RwOJ+TEDPGLspdGEidHJ88/rhN8NJT2nE/6pWUfP2eWzyF8OZp0An+HGI51QgZz7QMTkIdaH/TAJZQY64bqM47g4CbXNBjxqqO8+xrzY+jPFPNAJ958QKj885BAqpRxbR2bmRM6eyYJbKWW3vzUrMCGYaQbWRqh/yhCHA0ZMEDqNsj3TZv4+6ScsE7cQPfvp88c/951m/HfUPpQTnjWpP9Dw+w38hOdu9IE64cPac/PTti0eSvxKDP04AEaLn/B0KMtYv4uf4O7uRg/9BCcy9kQZVFIZD4edWzEXM1MtNaTmBAeq37zMy+QSzMGK96yB0+y/P9OeUjM9c/7pJPzT1An/qcfx69r7KfgpXdHzeUrP+QMnz38oZ65Wq2q5qGopRVXNjEwvtmuCk9N9PGH5GZxy/JcxzZzAgBOJuytYyNUAUoYwuxkRmUEcnskFalpS7tWLesig0didYcxQAGJMzoWYHMQVOYLBCVR7J1Sc+FEPmjxpd6+uFR4EzqrUxxzlq4rZFrVbNXLl42e0+bx+p379ZP+P3Iiqv+lc88be3zsZAKMJlzvu5fT5Op1MbiDnOdWkLrcdmew8TRRwMkd8GeyRPecAA0bzXE0nzZd5XqwjmsNzZFymlO+pwQBavvWkN3c9KS6+/vxzVc05p5TGcRzHsZTimoeuB0BAqJM1ecGzT0+z/32vSGY8K4TgdeGBagEBpnAigU9mDU2i10k9xgaaz89WjMTB7vKw//uf/+Xf/uLH/+KVMxiDuBGJEXe8AphzBqzyGQMGCJE5hCY2MUCYal/9GNxL+mUN5pj3NJTpcwA5K8geARcTS0w2LDBpPQJgOjtOcADm08JN5mVdHnODV+5lifNS0BF/TpHBRZItBwsk/cyndNwzQGB3A1WVegy3G+BEs4kLIWIn7nVQN1dTNwaRcGABk2OCPmo4h5gIBGJv1uM4+pheXqyDlzyOL168/PbNO6XgEK306UpwNgXQjQOIn9rf7j6OIzOHEMyslFJtgXYlRjaJKMBJJwvDNITQNE3f920b3TF0fYAHNzn26ry6k7rb7cws53FpuYymuL3dubuqhhCYeb1e//zP//yHf/ZnqloHE2Ncx3hxtg4hEIf1+WXlzLBM/SMPFc9gKUvGVMUB6jIZiODVCKd6XPEyuKbSaC46pDS6eAgt6Pz81ceOCIO4CxlcswSDK3mEk3uV20YEQCdCBNwVIKJ6Rt0rnnVyp87Jk4CzVF3DBp16n3onY5fjMwBMjUEOZ5ATeJYCNMGB0zOzw/EA5nrqt5xqtrDK/RCf1/tGDldMHE5MRCT1/jHGqv2rAWBmptmgaeg4hKZpYox1PKqqqmGOGLqbubu6AgWiRiKi5Dp2rqOOw8HTcNi3m8vCDhJ3JziZkhcAm6aZNaEBNiUZABcXF7YOlUNUtRQppajyaruqI1RVy6kUmJqZpmFM7B1wd3dH5ikNV1dXDcvh+mpCFV3vFQOsaRoWVOZpmub8Yh3CuUj8yR//sRtVTiCi9XqtKf+r/+ZfDsMwP+9yEyiIm6YG1wLNSRr3CmFZuWkfDE0qggjgKeON7v8mCqAjybv8wXPJ4pot16E0TfP64vUnn3yiS1xwls2TITMndNzT9PNGYb3FSW148itOYIkKZWIHE5GDyYiIBaJQdgYJGU09wFowT2FVJBX5Bs2w9ZExRZiSRqpuOdIwztO1s9RfTAv3Rbscf2V++Ae9k2VKdoyNzEacDw/1CQECdlxebqfZ1dGqdiISwdDdVTIVkRiCiDCzUbzr0rbdqPiKyC3n8XAY9g3HNnggc7A6MRxu4i5ukccHPihzXbKbN59XbVANkmEY+r5X9eubgymbFVXVUlSzq5nrdrUOIYQQch5XbcvMetvHy8v/+l/+t073FAzUaIDGGEHHaEqdE9asrnBWD8EBCyuVVqX1uFD1kuXjAuRSKieHY/F/rBCeaWpWqntw/Px+hDUt60FEgDFDIJp1GIZ68uLy8uzs7LqzShDmRgQzM1jNODpJ2o/Gef9Ps2fE/4nmABMzBXcnF2cnF0iV9ixgAOwMnnoApAaAqv1zZAWRA0wwr97MlH1DH4rJOAMGIyOnqWdnhQrEqo467mGrbWOwKtptbu5esREzc6+9mxkBTVyh5JJdLcOIBUJRAq22Zw51I/NiuZQ8mkIBhtBInFPbxFTG7vbdOKTPfvQj09EomisR3Ixh5MWhX375jZWcj8yUnLOq7na7jz76qI6qaRoiUlXi5qd/9CeECNzjK0IOQEuulpWqBiYR+UX7i9e/93tZSGnJTVb3SW6qu6OqPjMr9/PAjZmpWvECAJK7MXVjUtVFY0/adDJMlWAPrKNlcR7xw0L0yz/dC9G95K9QwKm4BIiIhaNEKpRSqvZi27Y0xyvMDbBqXzlN8T9zO4kVHDNA7c39/Yz7lBMAsmq+H/kKAIGmbPMFswIAc3DAFLacga5q305m0nTe4MwA6nSfGPA8TH8wFsDrSoDJtfZwZzICMU70qe99znir+lMAEFK/W6RynCz2GJz2N+8CSwhNE4RIzEopKacSQgMYkRBMuDogTERDn/vrt/3du9zg7/7m3/31//uX/fXtT/71f4d2oxQKiYLYDV7ECwEvzi9EYoxxtd5cvvxotVo1TSMif/mXf/n7v//72+3W3c/OzpqmUdUYVt9+c7u4MoGcqbqE1LTtZDWZqSorv3n3dvPRS95e5GpdoCKN7u4gk1DtNCMzdid3IYd5w8HNcs5VNEvT1j9N6d72sGUCVbxU/z0c09bx4j1HYM9lcS/ccvxR/VkK5O4pJXcvpYQQSinTkNxm74PNzKYNcad1wlO1UK3s037CKdnsgKoea9t7knqIni2PPwXXybnqkWrqTGiUO4NB06de1cQ9THLcu6N6BY/OE8xNHU6wurTuDjcwkVvVevc9zIZEpEwiQsyBGcyByAtZvSeREwSTqvQXF5fuboZSUikl57EUMyvjeFtKGsfc94euG/r+MI7ZcjnbnOs4tGyfvjr75ldfWM7t+dmP/+AHF6++nzgoiU8cqOwZwHr9ApDjSVNAHWF9fvbyddu2XdcllzTqMAxBjNZthdjMPam5ZXK4m6lWQR9CiCLNplGhsxeX+3KaGkXEXVVRiUpV1QrMZdW6llLyLG11HA/DsF8yBWd5QQAYCCQMAxDq/xb3YEm3Nq+YTCXwyVUgInI99h+WVO8H18znDTh03ZaboFpDb5h9u2XuvqOf8Kzof+aDkzaKOdz83kU5YgbwY+im9k2oKezLnmq/dxWODiY/wYlQ2blyuM1AYoUjF07A0rtpxaW8eu3VUyejmsfvdNyz45PzFzB1J7PiTjbJFP3o7EI156xpHIZhSGnIWYvpXXfIWsYhj6kv2UDGFIg9SCOBYmjb1fri8lW7ijG0QUSMPA3Ri1j3d3/z716cX3DTbFbruGqJQgbXx2OoOKvLzaBGgoeZlwB+ddO/GrER2SfaxigiAyFKNC/uU+ID8X28iBHMobl4gMGI9TrtR+SiBc6OY3e5ylcHGQMSvAlCFIBW4J6SmRIpESk0OAfPwfMco6JlhNUwMx0ZjiUXFafgoyOdfk+Ri+p/THmn4rtM1B+61CLmXGEsIlpAjOVKmoX04l8+p6OetzqecMIz9rqq2hGtL5xQZcYjhfBoTo7bo/mZjc4Fz3W/X+Vq7OkxA9Se3JwMcIbqUW/AyZ4AHYoVHcdxGIau64ZhGMdRVW9ubohIREQkhFAPTGhwoyZsX1y+Wn2vbdsYY12FZdgLWRCRGLQf22a9Eu1uDnd3d+fb9Wq7BUslPp281CpNyImlXQNNncbi7jbNp7SbZnMubet9Ugpq6JI25GaJ2CqgGVgkVPgV3f5gZm6G4Obu0QsVbvzMp22JsyyawAazzt2PC8y4u8E2gV1K0kRE6hrJVzSuaKzGeS4lz20CdksCjJ2Dm/piHVXaAgDIHFeeckKmsRAxMKc3z/iQE9E0XPiSoFct6MvLy/U6YMQ4jiLigIjs93uiNap5TkwEEREWYkHRR7R4TGqPKBWAPEPxJylb3bOW47UnoO69bqOoas5FVd29gioSZH93SzNYXgEWFiaiYcj12GfnFe4kZLm0Mbh73w8LlldKaZqmTiFmb6ROeOmzWn55+eJ2d3c4dNvzM2GB22G/z1rymLqhH7q+H4c8JsuFTYRot9v94Ac/iDFut9sXH320Wq1yzo+kMoACvx3HX33z1aff/z0z2+12ly8+qpxT95MsEzv1jpfrbem7rDrkQhKGVG7fvHUSc1InmwKUE9YBaAgmyFU/Ou6BrwY52CjqXHouCCFsgreBx1Tg6sVLsmJuXipBX55fNJvohd+9e3dxdp72/Y8+e53u3p41KzafXYhiqmbF3W/vrhfAQDXPS2D7d2/g91iCmbHZX/zv/9sxJRxTVwytE8j5dHmsZxv5bOA+oNGTUnP5MTOD2SREj85PZg9ODPHkfU6f/3VDfnTndbu6R39s+s/J0zCqq6s7jMEiHCVI4Hh5zo77eS256um2ae4HQBOm6qZNDE0bapTXFE0bCJLysN2cq+WcdEx9GvKY+pzUNWlJYzrcXl+9u3rz1ZffbLarnNS8rNpNtV6aNrTN+uz8RQytSDw/e5FS+fbbb1+/fl2zXQqwLyXESEQ6P/LUCKguxWQc32fLNU3ziDjcnRx93we3EAOH+kVtQ1shIHaEQM4iHJhigApo6Lq67xwPKexc8sq6qLnVQ1OUjUMaBKEpqe7UMTOYurvD3P3zv/6rGGNO6d27d2frVc75q6++unr5wocRrjCv8UGDwt2gDDLYo/NkerFtqdKUKTnYJ38phFh9gDkuadUVKDoFjqZ4wuIe3B/MJLa4AQCAunlAceQ/zIGImRl8CqrVvj6zV5YFppSkBTs/oteFK95D0E+bPY9aPlIstS+aAYOieCGj2iv0bH1mMALMFe5alNQ0L5UX7smlHgz9JFOrrmiiMDO5FR3YvZSUhyHnkgbKuXTd4c2bv3I3VSsll6KlZDM3z+u2ETKREJg2q+aP//APRcJmsx7HRIQq5Zml7vgwliLotBw4n0drmkZiLKWUUgZN03oRgaZ5ZpDlHBleEtzZ1fLoJblq9RnvFQIBIBGibCLEDNfiWvrcs4Td9dvv/fAPE0ICVLOlUqxkS2IppCEcqd/l4Opv/68vyzUz397e1n1/wzDE2N7t9st6V6iQzNy9idK2reXkXWfbLZlt+l3TMlznPZlGAU5W5RjMnZwcRkoOJyYHO1k+kE/IAcAgAzFgrqUK8SVKDbCDhKNh3sf8Ic0Wm+gRtT2y3Wd5j2o8oJQK6NLMCUuuyKIT6kl/Hjt6P7m/56N7TiBnc4I5PBKcTcAQuIvpyEA9DzICEUqV80DNcIAANbBtwIvLi34c0zCM41DcS0WIS/rVr75g5lJK3/eV+Ydh2O12P/3pTxfBvJhbBHtxsVFL/WFQL4f9vmlDHot5iUEMCnO1UnJWLzDK5OHsvBv7fb/r04WzGWkNWi0yfvIWSIIEYWId1lwo7QmINlISSonNLi4u3L2i8VPE1ywbWglwKjp66S/PomZzktLvfv4f/jqBx0JjyZrGkgcrSUof+tvgBQ/FDYAm3ebrL4io7HbGbGbjOGaOL85fuU9ZK85upsQOIPf7aNmtCOkGBYx2024aent1UysAYM4LATnPCDIxhIhoKsBFZH3uuDpmD6qYUrUGfcZjZneWvAiI7+MJ371V8l6CCUcu8hRPeOBKErt7Keo5q6oAVVMfc0KNrHmNnny4TtBThQyeftFn3LOUkTHvNZ0nC8A4jjjGFhxWkwSFK61MkryUmszwxS9+1vV9dzjkUpgIRPXT73/2PREB2vOLbdM0bduO43h3d3dxeYaHgJW7uenu7hYoacgciOFNkEhytlnfXt+BnSHC4CAkwhBjJJQ1l22w8wbrlmKkxikoXr06X7Is3Z1IhdEA8CE2vvKBiALnWA5kxcyuv3y3ZKTVViNiORVSFe1t2O3ffSVsIPnq5397SKVwKB7c3a2QFzINNrw+a8Xy06n+7KPz85W4e7Nt3F0VmQOzuHZuMxhohSfjyFpY4xhTz+7aDTlnMzuMO2F1WtaluldGRKXqwCnHrdIGAaZ5sJqjxXy/iYxo9nsfJIMBWAn7b8YJz5Hm4tEeuw2+RENLMbOwJGz/9nTCr3UUHsoqb4MwlJymHDoycnLyy+3Gya1Y1pzH1I99GlLR/MUXv3TXxY5arKnPvvdZTh20tA1fnl2uz9aRYzYFUEtCEdF6vW6ahpmHYVjygiqlToayl7PzM7eyajXnvFo3VT73HVW95FAYjBwFRgo1LqlJ46aM6zxEKI/MwxCGgRqxlIau6/t+HMeqjiLhq5//HVtu44oErqjoq3rJY3Gymm0Fo7nHar01zTYckPcvthJJjNi76/PVWWHPVtzdyUiVKTM5tDzyN+q0l1Lu7u7cvcaO6oMD42pbydlBCjegwlFO7MQA5RhZGOa2irGoOvhI1E1pkGZuRe+zYOdQI+aKAfW5lkQxg7p6fd6HeWXmJU87dWo84amfsPhWj/wENyeix/ARpl2RlfSWC2z2mCfXnrHI4GnijtAG94cpN6cI+mmj57/z1DpiVwlTTCHn7MWTpuozfPPlNwqFYixj6tNhOIzdmPP4z//0p0QuFDhQ7RkC9nW7We3D/u5Ags26Xa8acqZZQ5VS1GyE53G4vr5+8+bNdr1ClVVU5Xu14+Pt7a3puF6vh6EPgXMeiSilmi72OOgRVHHYNSXFm+sivB+GYRgOh8M4ju82m5RS13V93091RphFfLuSGInGRAKGZE2scC88FrAHjhwoxkYiB44u1I8jpDiPxXrWvpSBIIcdXv/gR8FMnFQVRU0TaXJ3X7/MTHjCCWZWxuI+pe67Mzi4G1GBVEFQIDUlxAHTUpTKQMO6WRs8I7dnrQ/Kxuw8Jx9MrgVgbdu6ew3GmZm51ZhDP46otA8jQ3FlJ4VZ1sofClt6gnc3V1NkDXgmW/1U/jpgC0i6BNZmEFYWp3kxmBjEXtjULMOVqxvNpBPDirnXGq31J8kcE1L3qBk/U72dnqkysgzj2EMit5/97O9Ny5Ink4eKNJfvf//3RCiu4lnY8Ec8wXOWt9v1/Q0n8FPh0DJqSiUPYkKag7VEZrCcxsk1AigQk7AX1jF4RrV0QQSSafrMUYrphmkYB8lpuLmeGEm1lDKOY9ftD4dD13XjOCIPf/L9Txv43d1dzP0wDNWwUdWc+5IzUoqlNEQxxtVqFRsZ067hqJoFwgwq2WDittkEAGbqWix3qbPBzEAUQ9u2COYCDWIm66Yl85J6OAUJkSk2CNwwRQeP5EoTFsOA+hQ/j8KqJgQSrvXdArMRlWGvUPJjxWgASspa+HDo07jPOXddd3F2tt91QuJOj9DSWTZMibeuClVYgfvqxQs/ysmF2VQeUuYI6UycAODWCjmMHUErG9caxlVa830PPjK1qkg7otKKT9X7Th/5PQlWJPHVdl0O/d3NVXd7tb64vLm52V5c7g+9rSSGkFO+2LT9YdecNenQUxNCAKEQu5mR+Wq1GobBrPCU2uQhhCZEACkPaSx5SB9//LEQ11zXUkoaegDn59u3b96klADb7Q77/V1K5dB1H3/y/fX2TI1A4c3bL//sX/1rM4tNiBxKycMwlFKaGEMId3d3V1dX24vfr2hdnXkvxd3JUXBI3QFlbMOqZWUdxnHsum61WSs8uJlZvt2PZtH1s5eble5Vc07jmNIwdHkccx6teOkzbMIVzPXGrOLly3qbFVHdmm3YqaEy3rnbqqXd3RsiEqb1iohi00jOxoQRqqpuJafsxnDLgxG7WnFmIcQgRCEPPQCpad4EZ2eCsW62K1mJhO0X4zCE1VA4rM7haoBQpjLAtQDZqG7cCQEOh3kxhVo2hZrCr968rdJTa4gYzg6Q3968nbCghxq7usLzDiwAOHzznIhbvmW0YD48mTF2uKkUKEvJjUqOdqpWIkFmig2T+TyLeTqKi0397CBX8W+EGpMDrLoatUkFrY7YoIa3A9A2cVyvLrbbpg25BCKCcGzXIQTTBkxOpKpmREXDOtIkVkBAKYmgBGee0jliQBuJiIRE4JEagu7vbr/++uuu6/rhMHQ9kROw291t2tXHH3+8Wq1efPrJarVSoFgIq9U45rHvbrdnEpiyken19W01N4VALoTiWqzksd9X/zowhFkCV6xBEFry3IbI3DLESnBtyJFGs1xSGoZu7Idh7Mo4mubPNbsXV1XNWpKqQosrXr/4BAA5CTk5nI0YDsTQFMtWdMylWE6eNRfzsortfaW3mv3qcECYVHKQolGZlAOikEQKXDGlysrFza1C7F6qBiY3d2eYu7P51TdXGSjcvLk9rM9eusTRMRy6z7/5IloiL+zmTuqkYMDSsMNRuGWSwe5Y3uQyRxPrP9brdtlKfswMXB8bj0CTuo3shNq3Z5CS756YPF0/VzoLRIIjzGQBmO+RZmBBiupXAXIwiOB8v5eBuKZzLkXBa8xpt9utaXS1KEGIm6ZZrVbn5+dX/SAirKmUICIxyja2FIPrqCWVklQ1iDDz+XYbY3ToOI5j1++7/dXQHw6H29vbfXf4xS9+8emnn27XG2a+uLh4/eJ1IG7b9vrdVbNqmqbZvjiLEkIIFIjc+v1dSJ2ql6FH7tPhBj0At3YAACAASURBVGou3JCGKMwSCE3DIGtQIsrry/PiRVWLZstjHktSdS3ffv0NrLha7W12hlLJdaF80iTVEtAmBmIVRxCQBKIIODlSugEQSCAUiEEUiI1MS2dQuIkUaUyiU8uOYNo5FOYGrzvR6nGUi6JFdTTLlbTMBCWOae+OCSm1DDW3QuZv335bAYNp09+UFmI5j7v+ABcUyT/6o/XmrCvl+s036eaaLIkXuLuRgdwZZKEh8gJ3WIWEpv2Aq3aOPD4k+sWHXGjRnw/LvpeCT3/lg280t3BM+k8YACc/chI411SJah+yg1jux+GTt0DujTQr+N7dzbpusIhx7FXzJ598z8yQBZqYglouJMiqw37TxBeXlyJiZr/8+c/ffvttf9h9/vnn7h5YVqtmvV43IZB7E+Kf/Mk/+/h7n7Qh5pxFRK30w9CnYb1dj6UPIXAgc81qRlmzrYMDZSUUol2sOfoIeKCA4MzmRXNOuYOqdre3affub//9/11Ux9QPXT90fd/3Oo6llM8+/SSwCMNyScNYShFyjqFp1wBIjKgmpgUCA6KamZwYQk7ERM7ERH5IA7k5hNSViIzyBD47wUCIZGDEuhaMkvZ0BEIsdvPffPF3ZlaRUJ+zRZjC3d3BjVA9VDNYqXmIHGOto0A2pbcQ4GSbTQtNQIDwZhXPzjYMT6vI61ZUohd3dSd1MWcjizIVVDz27H2u8v8UVhKc3u39DGUvwvc7t+fjS+9vATz/2PJ3/NtHbvE8KnECLVqCamWAySN5oJscBG+4Fc1lTNXubzdNjLFt2344qKpor7mLgFKgtmEOV9fvvt7vbm9v9/u9u3371dc//OEPN+v2T//Lf66aaV5j1zKO45DGu8OupFFzSmlYt6vVarW+PG9X8ebdlVmCO5MTOzNHkQATuI4HEUlpx+Nd945VVYSGrgd5Gsau27uqiKSUdt1uOKwVCjVVFS0bMWrJm0DpEJumYVFW8CiibYhNw7vDDRERV5OqYmUArI3Mbg6jOTne3IFy1sJhPmfgTE5C8aurK3c1M63buyaK1/7QLXDcdLJaI0RYjBMAzGAGSRO2k5AKxAjEUt+RV0qZi6HXtVJ2GBFzaVry0GaLjYAtCbEQBC7kDIfXPdAOJwKllEAPwIz6dEtdVDy0gpoY6FRm5/N1k07LeXsOKflNlcKzOuERarl8VEtnVaHP1dUB8LACFE+eNLH7ZrOKQ4J5I8GprGKjeewPO6wv+76z/vrm7Vda8u2hV1ln81DSOsTL7fb7r1+v1+1fM332vVfu7nnwCZAJIkRBSINbbgWrQMwszo04WSrFoHy+afPYkLmlrgIscC9Db/v9eLhbr9d9f7h+d7O/agHEGA53OwlUUu77A0PW61ZEGks+JmZiUGQKAQxhBCJYKZE8IkQypmJsgalhLlwz/IyJeUKKAODuzRVgNSe57ld0g6O8e/NVhTp03ttbKX55c8e0PWsK2WOz2tSQC5lxlfbkDm+aZoG+75fSeeg6AExCDCYm5/pBmHeGM2F6BSCB3fLYu4NDC6c8HsxKoDD0Oy+FvJiVui/EXUAweNsEn/dSL0SCU9qgIg30jCH/oTrhOevoPcHZ97fAUwrZg8RSmu84nZlVgxPX+a1OzOJDAGC+H1lFCWrcmExdrYwpgIrpOHRffvH5t4fyrstjTtuoNuxfvrxcNeHs45fCUXIOZswsQi27p34bQ800LoBbISuUi6qOw5DHfiXYBgpBBhMyHft9tz84tKT87t0bM2vbNg9jyqO7l6E/E+t2N7i4zHmk1BtCDCEg8njXUGwZTeNEvm5dxLNSaIO542i3YEX9tk1LlFmzamZLVkopsMTXb67MrGgqpWgaSymq2cz67lDz8quVX20MwDbnq9moqLpCaao9o7XeTc2vXspGHHbdIveqcK5IguZSCZFrQhGqnaAXZw1QExRsIpXJM7UJ6TNfUujAJNJEc7TCFrbrVWhaGLVRMkOqGWRwYiIoUYWAqCanEM0GBBHROCY8DTK4hxD9H9NP+DBT6mhsgYAaUaDa01JdhXB0ZgKT4LX+XZ3MY06Qe16f38dEyrD/48//z42nr372s93tzdn56vx8c75eIYYf/+iTQ39okQ83eraJQ85syS17ym4GEfIQolPuA2kkH7tDBQeZGcJQQxo9dVdv3+j+OqV0c3NjNfE8JWa8uLi8u35LRLpaWU51n5Cl/uzVBYmtYyHNiQbKZEpucdPotm1DCLm4mYkodNRSivVTfEBrYnB2NbPy5fWNuVrRlFIeUy5jyVNAfRLI7GHaL+tEFKhMRFulCbjOaR6Sz1C1MBFJtazMrCawuHqxPEGNSk2IAE+FNkBgqsdD1xOzENe+ZqC5a61DcZTArFZrIM2Rn4fEapt1TCkDoZATPLCoFi3ZXd0N5nWrlgNwARSm6rYkUy0Utrzv4hEz4MjioKN0hN+Wn/AbagQgWE7nF9u7232IzIyi6Wx7MaZ0vr3Y7W83m3XRNA7jat2YGhxdtzPQ5fkF0VRjY+wPIYQgePPmjcDfvHkD4PrmKg3j2ardcHu+Xf/H/e32bL0KbGm82KxGoTx0ry/Pfbz+1buvf/TpT5MFbpHGvGmJjM2K5nHf3/2zP/hs2L0bzA+HnarqvHE8DWMuyUreiIxvv8QUQkZL3hLglq/fXBAxGaU+EFMMxM7tuhyuV0GH3bW7b2LddalU0rppdLgbSyml5DLmnL1ocfvl57+quz1nCNwIcNf5PRL3S8BOAFZRFrkL6KRcHSHM8qGmocAFMOL1ejsj1UszOJh02T54v8pCjFi3TE+7P2368ipuljMATGdTybLDCNMLvITr642tAhJT87laEXnThM35xbvdCNBqtcqlqCYyF2ZxjSAgwFmI3YMyJ1WBw7T+6K9titP+wCNr/H4qcBpF7bru5H1qrOk73/9IJ0R2Uo3skVkE7BzIjKiMnY4j2lbcI3sr4uxOvF6tSinrNnT9fnd71XX7r7/+uuS0398Nff/DH/5gtVq9enH58uzTEGUlzdXXb5uGRch03A8jl+KWXn90dtWlhrKjbFiD9mbmSZDy/tAh5xpb7fZ91+2HYSiaNu3KXQlwr3mMRuYMGw4pwKe9WiwhLsWn6oZgNTVojdVrQVmtWcuYxrHruq7bD30/DJ0XrcZ3jWKWklUVpgCtthc4lp3QCo83/KiO/cQJs27kIwoGAMJiA9QDpumNcpjTyDCvOgMu0t6TwvKRMzIAeK2rcdx73Y/Lxz3IKlRaoSGbtLi5+ziO0z6TKY2SzeCEu90hjtr3GcIpZXMiCBENY6+uNsWn2MCOpAyz7Kco9fn2Ye/ImefkcXvuHUu/cQurVph01UqMUkrRMvRdGYbhs88+g+ftpjGzgTQGlKJm+csvfnnY702x299Cbb1ug+uLy83Hl+27N29eX65DCGy9mYUQ09B//PHLkA/tKmxWUSn1pe92V+v+1YvtthE/jF3p7r755X+83e33GfvDEE3FjWtiAonAzhsCuOQDYAJiIUJ9Yw+J09nlOesUXlfNmtXVDMYOVR3Hvu/7vtvXvLRiOVl/RF7G954cuLqnZgwldhDMQVpsSqeqWn5am9i0D3AKomotCi9A2zGkDKqVAfiBJUBgK8s76CuII9PAQgTZHCf15Ve0Fi+59+xoxqsfn5nOo3q4lejrI1TQT2pucnHzCkAB7l7GFAshA9HGIYMlSlDHmIp6Vi/sDpASG4ITQOURz7+3sf+WOCGEZ5JHn3kD5a9tYRV4GHomChB3bYWaKK2sSbOOfQ/b7Xbv3r3LOe92u2EY1u2KzC8vL1+fb5qm2WxWaeybJnT7O+QDax841m3mHFY5qRJ3t1dp2IeANjTjXf/5z//DN1e3nVobhMabd1/+Ig4fqYGlab1sm8DVri0VQ8yq5q6fvH49bZJVU1XzYmrs2F9fW9GS0jiOw9ANw1BSVsteFDWvxt2tTClc0GIJRMIswlWTCDELyphmvygsZjTARUnq9rYplVcAc2epLw8lmytV1HezgLHE3WtRjMl6YWYjEBjscCZ2ODux58WUovu1h9/X+6fF0yVgTluYsrDu+/ktro/Ou1aveqpqWusPkBNWq00qJaWSi5oqiIQjM7cNS2gKB4+NGptBmFSnLDeFGgzODjPAHRIID5Xje5t/IMz5rJ/wHOqqevoNlM9ZR0sLpMlS/+LFi+12c3Nzczjcvfnqruu6n/3sZznnTz/9dL1ehxAuLy/P168YdHN9HQivLtZNlBhjjKEzJ6S4CcN5+71XZ02I49gfDgcd7w43hy93X6bd9fX1m7X3q+haxqs3X2Pfnb94lUaX8bbuIxGjQiNnhYmjMNFEaaFWj6O3X/395PCVXEqpQWiYv/323VzE3mC+FEFogxARE5iZhUKskEpsqFnesMwTqGdmtb6+V09XJk8XgMW4mXdxT3n1mMvuTvcgmE/bf1Atm2Xhpre6wQg+FYZicyNih1WrRKc9gEubNvuX5Z2iE2NNEUzGvQPxYKVP+Yrs6lZDZhXxmvSOOYohq42puCoktuv12fZ8tVphzM6ycUkeRBrNGeCiTiGym3hNHSUlMNzBIfAHGTwfuBHgWZ3woe05Tlj0c/j09cf/9qsvvvnyV4fD7s2bd20bP/ro45cvL7//yeuUhk9efdS20QybNpRisHLeSkk5d3eDqjDaNuZhjA2nsd9ff/v532nX77vd/urq7TiOhz6//N4fNG4s7iXDeLuO7cW2vXh513VsJdrwch3PY4wxFmmK47B7Z5qGIfX9YTh0/XBIw1hKsrIkzxg7ZhQSWnIt3MYiMYhIZAYRtU0tdDfXkjIrRQ0oLjaXQAs0pUkDWK9bIqrbo3jGBJ0ILkcZLtWE4OmdeTQFpRxTJiYAteP60lP4x+suKya4OoFgTrW4shv0CGFfEu5d7WktDCgQOZ4Uqic5QWHkDpCZo3rizkYwp7vdwar/H1eb7fnlyxcfXb462277u72BsjeHoiGuxwJiMQKLEITceP4hI8bRVq3v3PxDOOdZnfBcZO3Xyv7nWvhf/5f/+YsvPv+DP/jDzz793ouLiyp2x77brJrAvm5jjKEUJTfXrDn3ux3DuGVXTUPaXfdvv/22lCEGefv227t33wxD1zSNlnHbxMvLy0NJCBKjWCoU5fxsw60w6eV2PR7ufBjGcvjm+tuU0t1Q+jTevv0SNFUlrDibgIg9j2UuBO01cMsiBoS2XWSwIRtypc/uNhGRcE3TJ4kS2uAUIStzhttRU3cPTcDR29x8onC4mc5gvHulXZ++TlhodMmhtPn1ntXmMdS3QxiqgTKlZZORwUHsqFXOjzDo+lXmp+KwWvnp5FKf5ISqy2wijppbVJEEMgVEmu16vd2cbS+2F+erzVZCs96cq7rwyoopMYcSYysSi7vDKwqBWiC1TpLah9hGS7n479iez8B7hhN+0xAzwk9+/GM2++yTTz56cXk3215tE7766ispaKGSiw6DJhkOh5zG3dW7vtt/y9zvd6ratDGPQ7uK0jYb0a1AAjYrPhxMhx0zRzJPPvSHtNtF3lCI/btvbvtf3Nx13u2QDtvIVEY36rK75vXlObEBkOmda163pVqjM+pyH0N1QoFPpbbMHBWGdzJH8JomUjMDHaZgd+8OxRF5uRWDRMihxADKDH5XaiEj1jQXsbvHxW0ip+PlmmVdFb9Trm49P/GXE9wJTA4DU82n5MmZndbVCAyzio3ce8yYf+HB+8KOCeAEcTkDrNV1gZEtgWoCUVxtYrPabC/WF2er1UZC6FLpx7JtNurOIYqbuTNFDmuEraFNEFAGbIJwnTENdpYEv74HaHri79RoVokn3g5BJ94agXkfwtP2XHYGT6+CCHdv316u12dNc9Y0FhgAE7758ovbL78ws1989QtNqeQx52wlm9l6va4VEbdsYJCNG3GUYRW8XUcfD2vLdnNoLLtavhl//ssvz87Ofu/TV10DER0t/fyv/+p4/0RGFApgjtFNpD8ksAbiIBQFYDCTkBczoIrhSVo6gdxjI2Q188Yn/xjqjJpPRUwGl6lclRlIbfo6AEBnE92QMeFHmMiPQIG9yWOwCYX0mmEFuPtUv2yBseaQZBlH9ikRZck9ckCkVv6jCnTpnH20blfVt5l2lqiZu7mP3Ug8FdacNvrVIvFBgOW1CTzHp3m73bpViTAlSbtTAXt7oU5+uIUOgVTYA/Mw5O/9/g8gEaFVtEnFOYiQCNNm7WMZhhEedCznq7Nf/upte/69HqtpcohgAJEYjOj8xcdOeFr9UiQSuUiMUUJoQmCRSMzOBH5YP4qZiM7Ozk4Saly1jprqqhU9r33TtNX/nmuC1lgwAseTr9yeqnrObfmo1t0gR7i7erPb7cbd7ZcxXL391l1b4Xfv3nrJgAV4LYMeyTnWxRjd3VDMzEpRL1CD57c3yUtO4zAM3dAfhqHTlKBE569UXNOFmXEIEolaYWfNA7FECUGCILoTihEjhJbIGcaAkAuUaqKv5ypZDO7gqUKvo/R5eq0OQUgcIJa6p9vgbg4vRb2CH+q2Wq99EssOEnMHmTutVqtacLlYnjcPWDbdbs7YF9NozgUCVK3uJ8jVlptbI23dY2NmBjIzdQVotQmzLCSXOH3B2SgCsErAbHUfFgjby5W7l9mKK6qo1VMPGRIgghgR2hCjSGDmm34UrsmN7aZdTeXupN1cvnLV12fNZ6/O7t7+6t//27+4urq6fLEmYqMIiaBgHOo7Uh085DKkoWRrQoC5qr/66JMf/+l/9YOf/KQwGwucAkgMwQAWk0YZ877h+77uFAwcSVD3iAoFEuyHEez1eOnBfryv+r4H9n3ni84/ak/fTF4PdNDl+D2csHyahrFeEL754ue3t7dvJRD74e6uacPFZjMOh5fnZ17RdCummq1AzVGINVuqFfHH/jD23TiOrgkpTfWn2RlEhNCQIVp3SLHVlGHGFNoQ103LBI3CIGYWCLmbOQnMPUQ2Ahmq4WOmQIW7CxwAO6mDvapmJ8Gaqix0N/dS56uWoa/hXJJpXwsQyLjbE+tU8x01xQdgSte31XtuBczsgUJkQzMOxe7hjkknGKBaM9qCsIjEKt7ANI55BlSrTzktBJ1tTVHLSZRSkDNUoYAa0CAIQkAIEgLVUtebjYhs22Y1t9A2JE24+Aiymt+gsWqaJoaWmZlrdlYTQ1PfGxJjK6yH3Tc23p5F9/H25t23d93YDeP28iOTiBBBgUiqECUHwVIazExE2jaOSZOW9fn5T37yJ7paBxElAcAgcUQTgHutGMBcgGXui2YzV2RnsBdnCNjIk2o9dp52ZdTz62ZlmDC1+56chGuidX2N5SJx7JnqnU+zwevBU05wdyJq5gpuAfkgNtSqtA2ldeBNi3VoyAcrRXMe+24YuzyMKQ2q+fb22/ssXK+BTwNZXAf2uv+MhCYr3CjsRxUDq7O6GGDOBmJrZX63hqlZzSh2h43jaGQMA1xQyK2+RSbwhNS4s5MbFHCG5JxrcFe9vsFgqoB2fn6pTmZWTK14sZrVPK7WAi8g1HdLu5IRYPjkxYuqN0qxVIpmHTUr9PLjH6lzKZa0lFI0Z6jDbP3ypYJUNRXDmFFGqKImI5CDA0JAjIgBoQER0IZ13GzOzs/PLy4uNmdnm81mFbZNvGSK/x9rbx5jWZbWiX3LOecu773YIzMrq7KWrqreN2houpsxq0GWARsQsmxpQPZYY9kj2+OxxrLG9owGrBnLaEaWZ6QByxtIDGCNAdmYMYyxxgMNNL1QLN10V3V3VWVlZeUSkbG95d57zvm+z3+c+15GVlUDYzkUdSviRcTLiHfPOd/2W5wLITjvK1c5xwEZYszA4Fzwnr2vXGDngrnq5oPzjFzQYAxshGRkhA6dmKHRABDVRAwTEmSvoQ7txersC5994Ut/+EJMsntwdW//4HTZIbFd8oSiQoEzqLwjcN575tT32g8p5VxVNbArWT4jkpIzBMMaVPBtYkJmKXoZa269gBGA+CoAGVqxqCg7ghF12Q1vExNQ1/USwKPYpM2ueGTRG8b4Nsg/e1Rg93JY2KAzXOMzNmA55RyzrPrzRVo+kDgs5ucgWVVVskqyLCJJQCD2AArMwBicY/ZFa3CEokpWVRMTTSVn9X4WvHfMOZXWoOYYzXIV3NoOAkobpvxqfe5gTR11IDgOuQzKRBOwtN8Lx5FNRHochQKIHSEhARthlxa2mW05dGMXMyyHOYIQOSJGJHLOESng8emqDAdMsQQchZDRH985B/SADoIHX8PEM3si2j08JB/qum7a6WQyadu2rmt2dT3dMg5Mrlh6sXfOBUPc3z80hIJcQBzB0QiuXxiMmoViisXNQ0F26lbXTh9JoINsEXOS6ZUrCXHNGIYsIgICNkhWBDQtomViRgRk2g3RNVXGcHS+WnT5cPdqFSgZIVdIhMxrtREDUDJUBOYQ+xSHeUpK5HPOy65ntQyWCMGAgYqEGhkIsUERpMHLVxeqsgfAshX4laKVU9PKZM7IVFXJTFGrUCkqGV2+lup8xHxBmf7Y5uP1En94BRzz/rfuhMvXyzth04Fwx6+/IppEJA193/c5DikNkDYj9JKvI4ASIgHUO9vlWQrzRpPmqGaW0kCINHb22VFNTIBVzMFzCMgZEFRNNMekKg7MzAocvyxlIkImDsFGLXYxAVwbf4iWzIQEnGJR/gM13dpqoehiiqRy8msUwxBqGBHChMhGCECIAUNlZlEkZ9WYQcowAAFqAAJft9s729vbW7PtyWRC9XSydw2relI37Ww6m25PZtOmaTh4VCx1Y6n/AJGABB1XTRkeXZ6vKULXDWWyBhthNmBE9tvBrIiglxFCmZPIMo2KV0aMzIqOjIh0vjwXUlRUBFQTG3UlJpNGAVCLCgmVUTQC+urQYw6etvavbu1frSrsVnPRgUONSMAO0QiNxpUlogAxzs8vVJi4oaoGH0LdIjmggMSAbEYIVCo2kbQZoFy+OscwqugDIFJBrZm54Df1XglCoEYIQyx1oFy+AipILo071YfXty7uzYqvXWWPukOVT3Xt+/Gm2JI3O+GN114cY41kQERTBCVC54iK/vHDe2oI1F2sDJiRiAiJHVGZUwVuYd2vBoXiYCcGWKwzzUBxZI+VCZPg2EEBJQAido7Jub39gwwgKeaYJA05xaLurYZqaAXuYmhIACSmAxIQKpoRGaNY6arCUDr5sOGJF2KXg7AF9WSytXXt8ODg4Mr+/uH21m5omuBr9qEKTdO0k8msaiZVVbELD05PNjo3CDT2jgiL+SEgrzNCAmNCMhcUaHPPxNQUFWwYMdZ0CaSDADkNF0iCwMSAwEZG5AzVt5WAgRRej2RNYGg5sS1YhQyLE6kRl98taBYwVMtWvC0V1cRYMiewBigZCzoKodI8m80W3YqQCzZ8bFGYAqikMsLPddU4X3dZckpVU2cDUUuliW3IAKCEoFELz+EtV9R1P6fMMcgAlNB7X7o/aAZoqoqEZkbO2RqUu7kCGDKTPdwDl1P8t8mOAPK6An7T4xsO3Zsq5s3NcJh7RDRJZlYH55zz7EMIJycnBoqIjsqBDYgMBnVVWREHKc+lWgaohWNlZmqAatlG6ygE0ywqYIYIHliYqgJfUbCSDBASOWbvyYUrV59IommIXbfslqsBVmbRLIsBGCmQAgM6AAIlQF2dLQAFkKGe+Ek7qSdVNWFys53d4Ot2Otve2tne3t3e3m0mE1e1W1dvZPLrgQQDEiIDUPCtAZqhAKrAymCRDZNNdq/bWpNZxfI4XLJmNlEwUyztnWxapgzdRVdOnYcahsCK6KtJqeXTWorUFNCkagJgLnfGTLRolSL0q/6h4JtZOUERZLedsJV+4iN3NKdYGukBAIEDEjpUcOdJ28msoTqKLlfDVs0pw7LvcMzzS1r7cEGICBDWodrf3weszu+drKJINkIEJkIniITODIAZTdm//eQLiXAjs7JZtQgp68M/6tLiLnLcb34SUMnD5s/cLGW41Au6fPzDn8iLeNvsyNYnk0MZENGXTN+yZLGMKa7axnPxZkQoaUwcUsyCLAhuLeqIqioKqup9MDNdJ/1IjpmYaBW7g8l1MTOgi/nSe98NyVdV6lftbGaWRBMirJbL1XK4/vSzMZIAi1iK1A+Qs3e+btrq5Pj08Sefuv3KzZ3Hb1x97IYA1NX0yvXHXVX7ULWT2dbW1vb27my23UymIdRdn8HQiIlcyUOAUAlXoCVOaJHIMQJAA+ozKBCiQ2Ar2x6AUM6HJYKgromSwAXHlvuCMypuOc4KJgC1aZpNb9vMSuEBa9csBHMIRuyQzAzQHKVS4gusUW1mBsZr5BMTb9Y7q09LUHVvFWqn9RTcRqCimZkgIvlF33dxcbFY7e4duKBgOYTQDwkIR18gREIiEERu21aBkublcply17ZtW09zzhU+fIO1EHrZOUZvsxO+FlnBRmUiRKQiklsez/ltkHNo6tzokPGmFbzJ79/0Omwcm8pO23zpTRtm8zybytttzSaXnk6gYMjGWltizDH2OUuJVkQY4/LyOBORCR0Q9alHYCKHDgFILWYxzXln9zEFqppJVqhdtbOz9dWXb5Kv6zA1sq7LEAXQoJpUTUO+TcKmJFlUKzQhCs5576v3f/C57/zuf3l377CZ7YSqJR+IK2MOk50MIGJZTKSYDcMiA7AzIABMQAysAKCkpkpxlMpZ74FRNcoQicBIEUFJR4VDIGQA05GaPQJUFc2AL6E86NJyFMIy8TEs3pxF7E7XN6yoH47+hQjCaGqAZGLGaLmM1BGZTKzwB9fPZEZIHpDWPlQjwX6tfaQbLXUDQzVgAFEkLYO5QtjB9bTOsGxfW1fMYMUIL9RVUwff6CpnNURkV4b3kikasKqQgWUE1MJ1ekte87WuZW3ZQ4vrjXfj213Hb//aWc1bP93EgMsR4PL3vPXHx52wyZ/elIcNcWDCyWQ2mVWFwEIAjNB77wAAIABJREFUwIppRQ68d8wMRkktRRHJTdUgMrBDYDMQEckGir3mvFxdQUJXdX3fC4HiMACkHhh5ssNb+1vbk2vXrkyn06OjBymhGWShrAwY2EGo6rpub989vXf/9ON/7ruTYlZEVyfR5TBQNSFAUFARKzlXmUABjegCQxWQNU7CgfjxuMLNEaVAgGhGpY0IQLr+AXQGwOVQJyQzUyBa5z9l4L0Z7ZEVAL4BiMH6Xpf/ylB/4xsxSp8jmkd1aGgmWYFATBFAENlQi46lwtp/DUBdJQCjpu9mDeKm+pSSRykYmFjpOiMQGoE5AhotUY0IDMGQcE1oLj8/pKTgUJFwtHbVlIaubya5uAWbZRNQhYL6dXUwels0xNtdy8uEYgblVxktGhFA5e32jqLg2Blfv5eX0QzXf/3mwXIAPbKMNzvhTVHlrV91q1U/ft+jv0PbzlR11Q2FmFtGOd6hgyGZ9H22nAvUBh2h86sYgRyPpreQFUAElJIHIj4+O6/aNoOrJtsf/67v29vfPzg4cMEfHu6jw6p2O3vbIvJ//so/fvGPvgAqa+lzdC7UdVu3s3qy89rrd4FDCKEJU1GkmP1sp5OkaFpW/uiKYmjWNI2AmeFaFahgMqAyxrJGYX2OwzgzVhyr2/Iqm5kgIPo1wgIAoIj76MPcujBrcKwN0YiASxJPYBtDchsBGOuu9wZqTSiutB0FsgPMkAGQUQ0IrWjcMa91XRU1gynBCGpSXfdhBNCK+ZOCAZpC4fcZsbKZR3BghsoAxYHacem/FdnCUpKMbFJR6PtoEA2dc2yEjIagBBmBUceBTmmEmJLCm7ufX/sKpAaEaKQqVMILsEFBj5S58sMrrJ0FLx/wb8pq3nTkbzKiNx3uf/pOEF2bxjIxuoJxAcRhGHIBPAODgWVMOekyTnZapsLfpcLkMAVVAiRIIoLgfbOz++T1J65fv76ze7i9dWV+sfrMZz7HvuHgJjsHP/iDP7S7d5AVumFVVdV8eWEg09lULZ8vB0EDEAVRECNDhy6EqglVMzs5O+2GgR04SopOkKoQsiQGsfV0Wcd5M7Rt+dCyqWXJBqpKYrU5MrfBR4zLGWEY0mh1pKYqCqaqhEjMGbCktjaiq5Vw7I2u38YXBAGoJFplGq2jKx1shD+sNBag+H8iMHmPgmaIRZrUyAgN1/3FtbKoAAEQYY4QxZRQBawA69DGTr2CIpiAIJiiIhgCBfAO1YF4REBgAgNjQkU2IN14h5ZCxcB5z0AmSEgpipEG72eTNoMRmgMxRCRFQ2emgNlSkUQv6JY/7QpgWAyikMDMyhXQQK1MCy5frURUBRjD+8OwsClDNlGinEh4aYlvdsKfKSaAuRJ9xjCkwAgK5qsJBZUkpcs9bkBqszXDxRJESza38/iNJ598Znf/at1M9veu3Hjq6Scef2pn78A5F7PEGHd2tj7/+c9/8lOfaYAT6pBp7+rjQ1QDi+I0U5/J15W6tq4D+BaIyExRDDKAISt5I89J4mTW7uxurQaNeajaoIwp526+BAJmLmgDLi5PRAWnYYUv7NGbmREJBAslzbisxGYIiFywcbnI0mjRgDDG8vrCiH4BKDg8Ux3znYdzAxvRBlQKcUMuae561yGBFXUVo8uToLEdVY54Ni3fUuJVkR9FQjYFQGeSGQyA3XhSliRKFQryFrj8eoYGwGAM5gyYkEkFxQFgaQIySVmBSAW6SGaGsLhYhLopo6q+7zMkdT6nlGlQIiBHiGjgCD2wASYVQyhwsD/Ddfy7CFALgLMooxOi6VhdPXrVt0SDN318OSAUncqya97adf1TdsJktpVHEnBRa87luCIOwJ6YJOVygu5evXp45bEnn3zX7uHVp5565sZTzxweXAt1IxlTlscef2oY8nLVd6sUk4r4qmraRrrh6O7R/dP5opnuovPNdArc9Gk+m203XPkqgAvNpAUwIYoK7BAhGyXFCASAHkmJteu6/Z1d9uQMlsvBmwwp913enl55eDYUSKqZouWcRxWeEv3H7gEJ8DhEergTTBGoDmAGmkhERVAETQgMDRiRFKS0WTbTTRxzJEMYc61CnicEYMARLaNoo/4TYmkh6eaWgBGDC4JjLBIbtVTXuqdoZqNPdGHmo2LIzbiTi3pSGT9B8emwdbzZ9D9UY/KoDOLArIw90JgAkAqZzWwDI6fSbco5a4J6MtnfbZNir3By8sBvbwuzsWNygZiQGUyJQQQJ/jnqBBAYSxWwTYNVYNy7a3z55mpjVvnIwn3TIn64H96CqNhM4t42JlzeRW7/6tUkkpLEmIc+9TFaFFDleuf97/vgRz/60RtPP1VVTairKweHB4fXmmrPlJNqThpjjlmSZnDWzVWBA0/9FMc2TpYuZVe3SXhre69ppzHq1tbOpG6aUPcxu1KVZUODPsYKAip6YiDKiIxYmvfl1Gi2plVTL4fO1VMnIAiDxKzWdwWk8nBZA4CR5WxWZl9kRGSIBasjpdP/CLEFwcAHQEOQAJgE2SCaIakiaJFQLvLiRfYPANS0wAzKE41pf3HqQSwdWStKcYACRlDO3FFas7yjqXcCpmqAgGIIymDGQGq5FJLrG4aKQEqeKrQCMlMyMCjWMiokI5NuLBlLnSCrmNGURq2qUtAjAI0Sj+VHQcESazbTp64eXiz6KMO1nemVg6sCeOvOvbA6dZyIGdk5X3kOwbmA3phjtkysCAakKGalXEMYz38hUxgBxTBKxwON5CFENAHkop2A4824dCM3Lq9jMjmW9uuTb3yBNlcY5enfvMo3HwAAqG1uwGY/oIFb5Rzqem9/J1StCl2cd0cPzrvzZbewv/Kf/ldPPfOObhi2t6shwfH9BxEaiLiO5uhcINLKBzC0YjsHpqaO0NCMTdCqnf3Z9CANND/v6lAFgLQ806SOeYqkqPvXDpdDVIhk0PpmHhGzg8i1n3WpV+DpbFfQ7e8fVNNZQsiq3FR9zM3WVCmZPuIlYiP/hte5PQKaYeHHoCGQe9inG/dByZITlNMUwQjNO3aCxs6ABIpkjEFWK9pnasOQyx4yMwEpt1bBvPeKWrBx5V4jogESsZRJ2aWhGILZag6gGXxGH8EJMACBSRsa71DjsFwt2bnJbJYFLs4XYgktExeIBxExEiEa5eLLquuYgKgGwOprVmqcQZKD7d20OhdwOztXXj8+56pBR5YXcbGqtNuduJ2t7XbW0taOY/TEkM5F5PkZpPtfWtwcuKpcPVEKA/uqbmm2HaY7IUJVTbhqM0GnEAHAOR98Nu2Hbhg6jzqtQ9tUgUyNFz0JlmaAGRQdMQNQIleic3lhdDSrz957xuKRM46lCUDAgncbZwbU4ptlijwMwzo4lu7aGMg3WdY6cShbyWCUzgd3cn4S+iYmayY2aXcOH3viyWfeG6rJ8YN5tOrowcpVIZ2Dqio3XSxHK5QROtr6TpsFcjCaHvAmdgv60m50SA4gGLSet0NQlpSSgahR0BRl8BopmfUrV/owBgSEyAwegBA4RauVAJzK2PpDRRIjp/gQ/Lw24kJQTGV+iOvdAIVEr29ilJffueixlbaD4PqbN9m6qYGolUatqJk0zOWfUxAzVgS1UZS6xHuUMWuS8k94Ggc1hWhZVqtllAhgWCajxAAeAAioqnx3fiZx1TjPjtNyKeYmbctUmCVFS1jFpLgaMxNC8WRTNS1Kw2bIVdu4prEwmW4H6CT61PWn58u22RpEY58c0rX93e2wtefFM80vLgAwqhKoSbbxeWxvNour1ersuEsi5Jt2Jjv7zWw7Wc3NROvWQg3k0QdmJOQhRiKq69qzOcdqGHMWA3QVAKERgkIJhWrrkfHY+FYkMlMDAhvJIaU1OMbk8vHagbP8neVo/9MkXnD9JONOwDGnBQSXuw7VeuM0pGE1bO1oXU3atv6h7/iu2Wxy/+heM5lWTT2dzaazdn6ximpuBLYV3c6iB1F0OYt32Oi8UZAaxoApVmgBNKDu1GF32pRqDBHVzDcc0FXoDK2iTJiAtJzpjEaAHliB0yq5mQsSNDM7b5lZXZYh+AFYZZ0hlsVrYIbJcKQRlxKxLG+A8EixjFZeWWYeUxFau5YTlT1QAJaGYKiGSiW2a4axo1/icsFbEvpQQreqCoiZyUjOYx2BrqabjKrQcsr5V2oSKhWtXpwcQ+oxxZR6B820aY18Bjw6PzIqPb7C+xrluLuhIxglKImcGxEldPv141zVfeovupQskTG6OqWc8lJEALSp3VbNLUlaXayGbpFYjUENNKOmcngDwP27d8QAkLlqq8nMsusuHgzLiwze1bVvZ1Q34htoW4SBcNKAM+fJNwakCoMaYkXEQJ7H4bYUZYZyjuGaKAJmDGC2xnipGMg4+xmPkHE6WXKQzZfK45e4tDYSZmzzs48+Do9sG+cdNrWvK86SL85P5xers9PFbOs+AD3zzDOHh4cUwtn5+bxb1XVNRsgqwERIDIzFOA+QAJhH7CcD41q0HCElsNgFkIAWUKbBbzWECDV6IsqmvuKAXJNPOVcWia2wDBCNABnQGZqidbHBMMUqZg3kwkjBRIKoENlQwbKtbasNmUyQCndWVawAlY1YSsF7qZIbjxzbhIjNWAWNimKXYwLPzsKIyTXt+77k5SU1khEbi+grMVS1UfvalGSMVAVCKLBm3tkjd4IQGc1AENCBHB7sxsW5Rau8A+KYVimvFOnKrC5B5yH2ARSRpr4pbY+UUh6GlJJoUqFrVw8rpu544ZuQu1Xb1NPgVdUDAyETeBu6br5ancn8/tD1GSuk4IgdAVnGkTSXQwixG7ohwmrZxJhz9FWNwArmQu1WNYYKfAttG/pdmm7Pdq8hMwRO6voMYuTYu1BLjgClOGZUA2QzQ9O1MeGbC2LVPwk599bv///85oKj2nEbXFYE1ZxFUjf0iz/6oz/4V77/B9iF1fkZEhvhxcXCcRg8MHARmHDExMhIiNbWjopEOsIGwYAAkoZhOXco3oQUaocex8Grd5RNHWZ21iD3/cAaCYV43EVE6BAcEgKlKNs+7Ieqy7kiyA4AoGaXoU+UVSGrslnBMgsgO1fKBClJZym3FL1ktjfvBABgtkeXF4wYBARkCsjssGZkB46ACIahhrGvKmKmKAqgxos+q2H5fdYWB6ZgOWmZtRWtvAK0JwMGDwVbAaamBEimZGmYr+7f+mruLvb3dtXs9Tt3uj5vb+32XWdr0nMxJiyU6LpunHN1XU8mk8lksjuZVO2EXFj0c0CLqwe1s8FSzgqqq75XI0Rk5sBaG5GrabJX+eGNm7e9C01VVd4zikrKMZqIyJmqArm6ZUbR1C/7LqVh0tYQyYagxMIM1SQvd3my3aD4rcMqhFBNyYcuk4CPAI4ANY3Ai42oehnwo6yPaQUoVpSlofzIEr+8Gd52e/xzvW2QJs6BSh76DtVYBR3XwZNz+Nhjh9s7UyRouJpt7yTRs7MLQO6HZKQMiJhLOGZAREjJA5bHjYkQS7cys8lqcQFqiKhZzCzGZKKVd1VF3rxzWJtDhJWzJhAVGAAhAnOh9gMUvMB+2xy0sMjUtqARVKF3riOXSCRbMkqiiTCLZUAgn40zYlbMAKKQTUmNTQsIaXyd16/eOL9BJkIiMkI2tIIIMFhTbMAROAJiSKP6YwF0Gq0H18xI4FSVjZU5j1087KwzoNJNMrNRys7MsTcQA85jGzyhJZJ48uBO7s4vju7ceunzXRxELSZ5JebtZlIYIIWfWQfvnANiyz0KaxoWy2XHfEKETEbWy9DWniU+88QVht1JFRCxi0PX5yGmYRhSHOLi7HQ+v3fr7snx/YOtfTXQKH0WUNE85JQ0RUIjohAoZe3i4LTYnKTszLKmiLkkeqGCYc6rrXNN9d4Sjeq90IZgzi8HGIbBhdEuVS+RyAQQCqJuTMZ0k/q/acVf/vT/j52ga8lwcGAiwyr1gxgZeHYGxFn0tZvy6U998pl3vOfd7/+gGp7cPzaz2Ww6JNC1dieO9aUC2pDFRhGr8XEyQJCKbL7sRMGQomhUXPQp9UNd+SQVoAUmdua9E5G+i4Bs5AmNgHEUwzMHGhzsTfzeFFyWrYY0gAikbAPXEUJWSFmTaFSIghlwMMjISTEDJbWoGgzVMqEUPB4AXNbojCoAQIjjO3NpB+Sc0bKBSIaE1DEQIKKlHAFAQUYExKiDRITVKJVnRAC+TOaARuaKmVrprhacnAuFnmtkClqcRHIk6W6/8uL85O7NF7/w0ot/LIs5NC2G1pJAjACFEuWYPDIRMSCaoZVP2JNjZiZkYkPuq4CTym3NJtO6rqrKVyGJhmYK5JvZ1o4Pwd2Ad71PY6exdyJ56LvVqlsu0tBJHlANQevgV6vV6enp2flpd3FMRJPJpG3rRd8zGUEWSQZapdpIGCWC5q4bun6y6MLO49QcVFCjKqZkWBKeERxaFmMZ4BZ3WjQ1kE35u17il+qE8eGHjz/MjvBSnWCPlgcA68rh0ToBFQCcSoKRMBrIEbCJ9qkX8u7v/73/Jgr98I/8ha//6Md29w72d/bEaGfP2VgRMigY+NKWYtzMtmTd2TAy7eenXZIMlNGL5UFpGbXv852jk8mkQdDKo3Pc1G6xuLh97wgqD4gKBcBEMCKnsydqKp3VIFWa1GSaNaeYpeU2A2XByJpEomBUzIbzIWezBJg0J8PKIKtmsMwgIxiI1vIkoAApammDEZeUvXCRUJKCiIxNPwHR4kAzmTQAJmAZQUE3jSMefZe5YJXRiiileuYS6EvjQgFMEcG8I1EVAVbJoJgzSo+5r0k/+wefeeXFL2zNWtrfOru4uHL16jd+7JuuX7/exeF8fvHgwYMHxyfHp2cX54s4dLCKsD7e1lgSAkjgM/RziBEmLQwRUiqtEqhbIAeKkBIQzQ73n33mHU8+cf1ge7fLcNadH5/Ml/MLydETekeTpp00k2tP7R+mdDE/Ozk5WS6XFw/Ot7YnjEU4PjtUz9FpH6yj7Pvz3C377mK5dW3YuiKz6QFWdRf70jclJClUKlUdLYYBTc2ktB9K5/praWJ/rVjxZw0G66fZpMeuWGwQ+9LLIBBDYnSLi9Ot2Rb7yS/+ws/97M/+7N7B4Yc//A3ves/7P/TRTySBEMJk0iLCEAcCrOsgNoqPqHJKoApE5Jmc4/PVMDt8bMii7Gi6s8Iqstb7jxljHJZcVWK572M0HsARcMqaBNA5dsbOiaQUI3qaTakf5gjnCFU1caC5GhTZi3pVSEZSINdGGXjRQ59MkYcE3ZDJ+SHF108ebD35RES4fffO/t4hEcUsq9Uqq7hQ9FJLESNFM4DNnKTRX5GQgNGNzeKYlRyic8GxIWSwYkXM4+gK1w1s6VbddHsrFbQSFlQqKgAwAtBycYaIFKqmrlzKmfSx/Sd+5Zd+7uiVF8+P77Y1tzUNwzBt/L3br/6L/9Jf++bv+TZoQBUWK2NGMFCFmGHoZcgpxQI4tL7vL+aLuFxWadhqm1u3bi0Wi+3Z7NbNm6Ty4Pj+L/1P/wMw1bPJYNFStBX8/m++9MezvR/81/78RZSji26VUcL0fHm6s7OzWC3OY7djDhYXr77y1WeeeerqjWd/61O/ceXg6oNOCCEPy4Dp8f2tlIZuMU99N9tJwU8rcro6indx0S+3D280O3vTrdkiRlHiqkqq81UXk7k1+XgcrJeDxUbrxPFLj7I318QGu/QOAJZz2uyQUbOzNFvL948qng+3zUZR2GlR60EFzCY0TupQVSgNDgAq59GsW5z/4e99+ksvffErN28+/573Pv3UO+YXp6MQGPPp6Ylz3gVf9EUKiQfEUs4u5wiYgDKAEnbAy0zJQu0CggkbEROwIsZsGhoDMSRDHpnKWHANmiQKRuBoHBNEymaa1ABiNKsQORCZ5xqdIRvBpKIuZQONyVaDEFOMEiPcfPWlnevX94KbssYYUcRMgLFqfBnFFDz22I1XcZixmBiXcdVah8t7rwgmGlVEIZokEdDc+JCG6NkpGCKqYUpD6gcC1RHvpFCAemAAGtjBmO6Ymqim2C2kW8Z+zpCcRchsEgmLj1A+Wq2AawAYNDGy9w4REkG9xTgwDqoCjFjrZJJ2dJApV47o4Nn3MiMjPP/gtGX9/d/95C9NKuiXNl994Pl3vPrlL9t8tVU7keXP/8zPvPvD3/SNH/34c8899+M//uPf+E2feN973/sLv/ALk0m7tbv9By+88Mw733/v/t0vv/r6hz7yzZ//whcEiBxc3bt+MPMvf+kP3/n0Y6EJ927fapuGM6AiZsFsgGZsWZeeru1ubRuHs/kyDbl2vpnWUW2IWclKu67o0WKZIIOsx22PQIk2zJs3xQR8xKdnDB+bqdfm8UdTKQAAJyWlAQPIDIimQALkQ2jABknEpJXzgKqp687ln/zj//3WrVc/8YlvfuaZZwz5wck9Zj+ZTAC58AKIXPEGQ2S2vFXxIDmjJURF7oQusmUBMQI1AZeVCNFU+ozqG9SuIMkUoewHLQgZz+Sdb2ugwTkxGMAsBOpWC4SEREiExEQOkBHZOwo+m2J0KcAA5BKmfXf+xa9++R2724fehxznq6WZiQKiD1IArSZiWSVL0VqSelZn1Rw154xmhMzE6PzQrxRMFBJoMrORuY4c6GK1DNMZjv6kxgTFmgnXne1ye8r/g/OAWlQvwYRNV/OzbnHeL85NI4FI6kwAGBVFwKppKzWIAGnVDwOwk2x93++4Jg8yrFYiVljmDGTMtk23jyEnrGpwClRvR+2+9OWvwPIcZYHQH/prt+IpArz7xpO/9/LrANfni/MXXnjh+o0nDq5eOz65eN+HP/KL/9uvvPuDH/5P/uO/8nf/zo+/dvOV7/rIN/zfv/5PuiH/9R/9W3/44ku/+A9/JmF18+7xdO/a6/dO0k575er11A/mjLKCizL0mPuYe+3O47Dclsen23sTUsEkhqbsiDMBAgqOx4IaFn/jy6tf19yDzev3tjthEx9wzERtvStGfD1eGq3R6E8ELgOWMR8qqGUiNRKETETOo0dP4JAsBG6biWsn1bx/9atfPHtw5xs+8tEPft3XzyazRdfdu3cx290rQGpkx94xeYGIEjVqyr1YFkAkN0i6WK3UMBUlQ02rDJ5QJc+Xy0joQJWyoQKZISixEis5qioLDVUTxxC8mg1EAqFq9xGMHmJR1mQCEnQJAKxJVrES5ZQkreyxKr9/b8Ls+hSXCULdZgUgOj8/VUMxVEAxK3iwhOp87i1FHaJGzUbo2DxJEskGRGBM1HiPPlBxRkR3NES348o5JGCM5BzFqLZWfgcARQUjAnWOELmwDdgUUOcPTpYX591yjpJBi0szFuwGOV4uOsnBFIlIhsxVxYSGvLoY8hApCSOGwHUIADAoH51AQsAaegNNEAQq75rpBCzvzhrfD6uTex6gJbhx7eCLL7/WQ3zj1s3br938737yH/zXP/pj1fbO448/dufmq7/8xc//8A//8HLVr7rhGz/2sV/91V/96qs3Dejrvu4jTzzx5N/72z/2+I3DYIOgRpHT+WrW1N7EWQRRiAJJOkk0LOP84uLi7LEnntq9+lg1a44X/apP3EzX8qQFH0FgDkAAQeURHsKbPn6bnTDyisuYFS5tDIB1FXVpsFpQYKV3RGQAa+Q4qCmqAehyflY1UzfhUHmHammYd0fp9Hi2d+B32pS6z376t+7dvf2eD37gytXHiej4+D5xRaFmHyCL6JBUWQbyUYal6YDGAK5P/WK1UHRdikkyoTGZ96y5Pzs/jyqOFSkbZUNWRkPMyIpVgmbR8/ECCHwCBnPOQ8v1/OwE1mYGaMBoaEBgvqoBBZCINLA5Dx5wK+iNKd2YQhxWF3nRsk5qHpIooKcVIAM5ZAfkkImQxcEZdp3FbHGAlFHNEtiA6lWiIhl6NQJVSILqlKiabs3Pz64c7ANTqU2J0VRGTtY6FmAJDwbMRAjJFAHRNBDeOztdzS9i3xe6EjMDc1QAg7qa5E6KtcK0rZbL6NsJAZjgVhuEK01jB0yj9H2fBrlyuLNUuHWnX676g72dlOPr9269/sZt8B5R2rZ9+bWjDLBQeOXOsWA9a9tqElwIP/H3/s7u7uxiNdfU7Rxunx3Jwd7W7/z2J4d+9aEPvHc6qa5feW4xP3/PjSefefLGX/+xH/0v/7O/ujWtn7y+3zo4e3DXBzQElaJRlMyWRMRqcRhSHs4dNLULs/1pRWRsgfKQpRBldZSfRQVQAsplWRfJiLGwfotL8ubtstbdCMSgh9/81p3wMCYAV2vsjW6o0wCGhGlYrcSwVd/uEPgYh1UXFWTn4HBrezpfrV568Qt37r/xzne/76nn3rO1e2AcFGnZDcthrga+qqce5hcnOS9RBcwheEndoluwq9RwyCkwGWhdcUrd2cXCEAyTYQTMRt6AlFipEnS9+Hsnw8uvnaOl6TQAiGebTNXVDaJ5Yu84eC5ucYCgi6WJMiEgOkcQPJNMm35rx8F2DvNVbdF7X03JrSIQ+6YGcuQ8snc+kPOO2BycD5ygWJdYijlGzcmy4LIiQCfoMlAW65IO/TKqWts+ODl64okninyTmTH7QTKT28hFXzqjivYwoxqwMYInWi3n/bAy1eL+FuoKfT0sVmBYT2cXqz55JQNfVRerYScDIeSsQwJLYllMxURTPyzm83m3evUPPjMAfunl12+9cWRIy/Pz1oYvfvo3sK7OFw+oxgGAiBYKf/j6WbN1eHp+9oH3v/8rX335//m1X372yaeqyewv/6V/x6FNZvWnf+e3JpWPXV6enV2/duUrL774z/6vX5vWVdu2zz/11L/9F//iz/zU/5gVX7l1+/lnnrw4PVZwFQAjmmUFgH7lAAO7iiQtT994+cuTg8X2tRt+MumUunJuGGVyZoU3XxjPbkMsUNWNhMrX6h3h2sca14yEMsvaRIlHd4Ku8QTgiH25JaWJC0Xu3yiwE9EU+3lWjdLU07ZumratZrOTk6PTk+PLWduZAAAgAElEQVTZzu7eznTZd3/8R3/0ymtvfOxbvrWZ7jTTHfaOsppBaCdbE3fx4MuYOlJjNMAkeYj9goMCcZaE5EWS8z5pGlKPDhAFOUPBGFPBEbMgkZtdLPC1Ny4kxem0FR3QrJ54XzM6c8S14+C4clgTeIRJ5SFj69kBgUHABsAyXuQdhCsGO9VUPbQTQA4r4Ka1xQrZGRKxJ+cLJYUADvoKoAJAEJBeVsthtcz9kA+3JsQ1+lrRDVEvutX5crUY1BD75UqtEB1HFDaq2PqsKicRAIxyFlC0MMWRI0Dn3DAMmhKiiWRVreua6snxogO1dmu7eeJgiaAZeBuG49AFsATLHG++emc5Pz+5f3R8//7J/aP79+/ev3dvdfbg9NYft5OGJweLCP3tB9ANs3c/r/MzYk/tFjbVu977zIP5cFBvRW73Z7Pn5/f6s6OPvP9dL3711aM7r9y5e7x7cO3qlSvL2v/N/+KvXTu8cmH5P/z3/z3v+drB7snRG7/8j37+2WefDcF993d951PXr/zNH/3P3/Pc81/6yiuzSROFUmDPggak2SBnXIW6wrgYFjLMl6erbpFkcvi41TOmoAW4gySlh0RIhri2bbE1IfFP3glaKG9lV+gGZQSbFtNYDKxx8Rv4pnOjomoB2piZkjEAxBg9e2ZKaTg96Zb+Ynd3f7a7v1qe7u/vEPvT88XF8X30dd1sJ5Wf+Z//+2eff8/7PvSRK489EZyLyfLyohNIQ1/EjgpBUVRjzuSydy6D+XVxXLpn3gfIUHz5EJFAAXPpsTSTVpDOV2nZdXPjnHNMqVqK82XEaw6BATyqQ3EADSNKbjwHB2w6a1tCe3B25/XTk+fPF0QU6qomFMvnuZ9RqLbbgpQriEgAyUAeFKRHRCAHiIyJtbe0siHFZKFqfbMVfA0AlQ1BViQaqgNErH0omsFmFoIfLUDXJVuJCuMUUoXIU8mOSByTaMyWkUFAANVVzoUAoIBWVdXywo667t6dN2K/+qe//usV09GdN+6+cduBgYpjnE6nB3v7u7vb1x6/3mC+0n777/zmPxPXfuxf+M53vOt9s9lsWC3/7t/6sVd/95OprTKFp9/5/vjK7Xe880NYb1m33LOrQfo37t37lk98fBXljXtHQO7O0fHiYnHjsWuqcuXgQCQhCjkHms+P7/zxxYPD/f1/ePuVD33oA3/1P/jLP/3TP92EZugFTBFUHGEpj1A80tCvhmFwzYTa7eE035rPZ+fne0883e4eElIGLpAdQVRgBamACsNTVYk2JKdR8algotfvBoB5VKgoDCSksu5AwHDUHLYiX1uY56qbeQLEfh0v9HLg0KxZohIRubp1RLDsTxd359duvKNbnGeDylePXd0b8xxJj+00r3zh99549aVv/OjHP/jhr5+F6vTs6O5y6Yd+vtDJ7h5xGJSsaiPx/GI+mVFV1cI8xB5Xw+5s9ur8q3dev/f8E7PVsvdIFhVEpxNuvVAdbt166bl3Pd1TLzWdSnbtNBksU/I5OTNidIQVkyP0aA6sMwFNU/Qak0e8fzZUlX/h8zeHYfXUF8+991XVXXssTKfNrGmHRYco3nMIHhDBSLL2fRziMCWCSQN9nxYLEB1WcxmGrckkJtnamS5Wi9QvFsvu7t1jJNe2u3fuvi4pp9gLERQcXlVBlr5bhhCcc2aWUjIzzy4E168WmamaTPtuoarQ1Mvugrw9ODoBj8vz1d27d65c56YNoZ387b/xN3D3iRc+/1L+yotPf/PHHr962C1OfuA7vvXbvuUTZ6cPnnvu2brldgrLDk7nKdT+zhsP9g72b63aT/72b/7A8+/bv3pt1npN9d17tyDwv/r939+dz//8v/Gv//3/9iemEqu0enB81HkdQDxPHxxfVHX7jqef7YcUQv3l7uXv+97v+Ymf/Ekz+6aPf+yll16q2sarVJgqisvj2513X9Th8ccf/6Hv/b75avm5z33u6PjB+em8bVsmLyI7e7tPHlzN/apbnsvZ2dbeMD24sl1XOBz3d4eDCVVV82A5KAVwtSD70KyWQ2BHpmCjc/YYV/FhH8nMVGVDOHBICgZrOYw1hQcEFExtXP04qnGbCqSxTrisTnj5baM8ZSBqaipqaOjfuH2zameTyQQE4yqrLZArcu7ZG08f7m7ffO32b/za//HGza9+y7d++/Wr184hKyMizS+W6qKGto9DH6Mi9MOqG1YeyVSMgC1blsP9A7AM5mnEayoagGYg2tpuQxMMrTdIqgFQQ4WukjQgKBIJwUCQEXKBc6MAMWAAYkIE0Mh+iTNVvlhtowlAvlieid4LFUuK5RB3zjEyABVGHuQ0a3l31gKAqTShorA7dTbd2npwfOqqCWdOlgANIKgRZLi2f3CwPdmpR/0pAp7NpkxgtqUqlkUtm3mRwpZOrvVG7IPPmqJqlqFPfT8M5BgDV00ItUc0TbFPw8Xxsc3tP/qRH/lL/+53xAHaCv7Rz/3Tb//Wbya2P/fe/Vdvr9KpAM8mDD1Id9Y99fj+rSPYv/b84dU3VN3BwYHF1dnpUYo9pKGuwiuv3/5ff/5/uba9HR8cnS/7um6dCy40hF67lalazE0drh4cXrlyJQ/988899z3f+73f8m3f+lM/9VOf/eznzo6Pr7UMpCEERH1w7+7pyfHu7v7O7v6/9W/+hU996lOfe+H3u65r6tBM2p2dvVBX/eKiaSoOVRNcTcKUU1osjxbns0m9fdi4mtqqNzcMMUaOKQu6IiVnNnKtC+vEOb+OBYKFSTLWx0xAoKbIZKDkijoCgRgCqim48WpgQBvaoVvP6t78tnH5vJyHKYgs+5iEEaAFQl7rk9qd269v7+49eeP6K3LzK5/+3VdffuXjH//4hz70IWZo22YVIzGE1tUeK6eguL87W/VdHqJZAtHVfClxtTWbYJwjVMXsFYFNWQUNiLCSjDkZZDKiHCXHQcEqBkVMRZIelNAYDEEJAVLOyCpKRCZaAZwN7HXrZFlLHEQVTvujo7u7e9uE0jQ1IiImHPEwaIpoonE5nQwESKCeHRJ44skEbt58/dp1MHDsa6Rp2Nqq2tY3dT2DJ69Mn766M76MaNPplACqyg0xpn6AtZdwiv2yz0cXXUZGHzhHzSmJxZiHYfDsjANUlS8gyZj6VTw/un92/uovnh8/NoG9va1PfPwbzo5vB5THrzevvXI+nbaHh+3xWez6/vpsdnd1IWduiu39W7dnrtprtqzL3uxgsiX3jkFB+3j+4MHnf+/33vfO9/ar+fJiMWtqA8lJU0qaIjpWzR59XXnn/XJxceP6Y3XlX/jsZ37/hc+dHB8/dvWqzY9FISYBppyzxL4f0tn5+Xy1fOONNxzh7u52VTVm1nfzuVN2WDetc0HAhmGoQpNBV6v4yldfnl0Z/Pb+lGp1ICkyBe99Mh7T9pGVKQBsZjKyyIvYthXddQVEpbfjskFhJI6P2/g4AmFmHLOjr/HGzJeizxiJFIxDLbmfX5yp6tbWTl0FAcyiCHJ8dKdpt55/5pmj7e3XX7v9qd/+5J1br374/R+ogiGHTrLmbnnx4MF9XvRDvzwZhmHoe1LZaprG+767sBRNcRSUKDBQIxE0telsO3BlQqDGhGxFtI6GHIu0rRU6mBqgkikTWU4RnYoQqalWIKe9bLnpPHlTFSDL8WiR2/0JO5RRccfWE0kmZELYPjhEx2A6pNSlqP8vce/VK9mWnIlFxDLbpTum6tS1ffuy2WRTnOZQosyDBpoHQoMZCAKEkf6PnvSiHyBAb/oJA1mIgqCBKNB7sn1fXn9v1bFptlkmIvSwdmaduqabDZHUQiHrVFaeczL3XrHCffF9SRyZcTI//mw3VaMhb6yC5RBzlSs/7vd/+/GPv/9Xrz25qCqHSizJG5tzrKuKOZVgt7KeDIpIZEC/liKoMsOd5oPpODgNkvI4jpwjqkgaf+mNp++9//3/9r/5r//Zf/If3774ZNgf/uAP/ugb19948/VnDw/bYXDGYlv5ab/T/tCdracJbJCKYfv8ZuepdjLubsE4yPmn3/vBdBguX3/7g/d+2latJTzsHyptx2kKIRDRYrUmlDD2YwxIFggNyQ//5i9Z4eriXHL69OMPz2qDDitnDKFvGwAYx3D//PP90DNzVVsA3W3vphBWy2VTm7aqRTHEGEWDSEJLdeO9z4hhmgLuq8WZ83XrnWvqLMhR58nkWV/YapmTykcO7TlMKl5BCqapvPTUhzv+NZPrlIRZFFDB5pmB52t9Ahyrto9LVyjonUlZUhgHZaMii6V1lUGbpgORDcNeUlw21bfefevz59c/+fM/kTDGGKu2dcC1b1aNee2sjdL002Ad6DCOw0HMUrCe+rvt/c3lagVARFhAiiomMYIyAI1j2D9sI6C6RDkreVt7pMKKAlAIygkVQJAUSQwYsqxIBhQEyAVjubbJCwgKGhAzkdKyiSnMjFGogEqlcERAREPfF1fDzBwmROiaxgd50HyGopg4McdxCsmGSWVqMAwxTTmjswY0iwpKYs4hGovOeVEeYlJgay2Yqh9DNmrRFq4zIirCCxyEY+KYRtacBUWbuq6s+d5f//k7v/Turh/+8E/++H/53/+PX/nVX/u3f/hnaI039l//6/+i9e6P/+j3f/A3f3HYP1RE13fjx9fyz/75v6gs/Q//3X///LMPwvjAcX+2XN8Ph7/5i7+qrQHlMB4kRuf8w/bmiT4bY1DVdtE5Q5xCCGEMk7GenG3aLk9j3Xa/+RvfffLxx3+0u+M4DDELmdZ5ZpmmSZVXq8XTp0/2+/1+v48xAsaqAoJ4OOwcmSFEQPR1JaD9OFhA322UqO/3aUzt+rxarAhBYpimiEIgj8pER4qDnFLxA6osp+ntwmL4d0Bxl38SozKQ0s/yCadpFToWaMvKMZCxqBqn6XYK1eHQrdZttzz0w9XVa91qOfTTOGyd9W++/pSvLq4//3SxWIFab7B2aHWobVo33boj59yd5Rsda5ONDKSh8QiFexEBiUpez8yisLt/2G3vlut1vVjZporC/bSdAq3PVmyKxjiipXKaAoASopCpPYogoohQVZmmEifiVEVjDkDSawzEn9+/2GzOiaholgEVJTEQAKzrlKI1yDlOGZ0lbXw25mbYn+fJ+lpIyHrylXFeE8SQB7C7rFNgiwpAja+VXCYCS0gm5RDymFImEuMwpKxGHFLIiUW05FVEIceUA6eMwiKCaCprCXBzcU6+8mCZ/KjV7YRPL6/e+eYv/dZv/VbI/MMf/fDNb/3mr/2T/+D3fvf//MFf/+Xd/WHZXDrR+8+v3/vhj4HH/+q//M9/53/7N2naE5qYp9Z377//3re/9cv77ZY5Zg5T6BGgqeu28aBp6KeUEhESmhxjBGXQQ78PU79ZLv6zf/Uvv/fXf/7hB+9d398tc7LWjofeV3a9Xt893AqzdWRdZaBW4JxzCuOUOlGs27bpFmLMFFIIAauwD0OfgW2Lym3lSSCJOmBvy9ixHve9lowZLJYRhkIXWwqsCGU+Fk/6DI9VGubO8fH5wi1mZK5s/Ryf8OUVKWJBUebMLDlNoUfgfPnkaRgOKU5tszhbtsysqK6u+GyDhnIYGOFwH/7gd5//xZ/9ftstrHdd103TNA1j2y6csTHGZ08v9tseCmkLKkAWSCIxixJhyn3iQwWVNw5IY5wsYRySENpygJMlIsUiEoPKOpNAolFVVpMlDWGIfFCRKY3OGcUswC9untfLzqKtDFnn0JACMbOIWGsDawJhyYcw2ozoDKBARdR4621iLtJvTDxKMq4e3Wrya60qJgMoWNci7I2NKCDK5KSq2RawErBE1AycywxaZs05Fy02ZbHGGINQWnAsh6Fv1pfvffwcbPvaL739zm98B1wT29dg840fX+f1cnEvi7/96w/efePZr/7mP3/97e/cPb/9+IMXu+19TuEbb7z+2acf/Mt/8Z/+4e/9Xz/9/CNnqXKd8fT87sXmbr1oO1BtbI3EOXIMWmAg/TjknK1zK19N0/hwfbvcrC+eXILmOI2V79795W8Zb99///39fk9hMkRAtO8Py651bU2Aw3CYhkGVm6qulgtXt7au67o1zkbOSJaIcs513aSJs0HgnKdhiqzGOmUXenpMdQovhzlnZKnKySeoIB5NYtboPJVXH/HBPH4egEoW8bU+4WQMJ8HQYglNVaeUUkrWejIOgHKWw3479D0SEVkBghP5LuHl09fDEGIOZ2dnSPzRJx+GofddF/c7s1wWC66qCtEsl8tvvP1NggSYEAtPTAYihaggIYXrFx8dhgdytltvmq6tm251tul3EyJmY8kaQ46sM8YoGkVILKgt62wJKE0YdqIpjgMi5pgq572vq6qJAfrtaCsvbLTOZJxISilFzlVLwxAtGc48TLn2NjMgwBSZWVhQuHThDJFRoLvDsIs5kvVVA2Ryzn2WGFPlNKUkORuDta+Mr5iTxICkhIyQmRPnkJKLcUoxCGcAdc54YyOLMMQYY5Jo6nd+5dd8d9ZnYvLf/rV/StXys4dxYB/YusXl/sPPPrvZNb7eHtLZk6vKL8I4bR9un14urc2L9eqn3/+ebas0bMGIRhTgP/2bP/+tf/rvtW0LnJwzh912u02LaVG3TQp5jAEApjCcbS562O8e7ipnyFrnJslTvex+/bvfvXz69A/+4Pc//fiTi7O1q+p+HG5uXmzWq9VqRUS+8cAiwIdx+MYb7zTtUoD2+/0YgvO1rSpBcpUfwrDdbT9+/71PP3t+vd3buq2NgTiQZFJkEBRlYBQUlBQCA5dngKU8r6ogCKKFxUy1VJxK94Bg5ht/+XzJmucq6s/wCQCzsu/jZyrnvPd1vWCWEELKyVq7rltVVCREwyIpcQhhmiIwV223Wq89k3cIyI0F1zlrpdo0CJIJOKsmrZuuqcxweIgxzwJUIgaJAbKS8857/4Mf/dl+vydrMihZ45wLKb3xxlvOzUp+y9WmWy7qtrO+IrRoXXTV+eUFkl0ulyIMYY/qVn613W5bv4y7tL8edLTL+mLY5pTG80vvN/YwTjnnuq5BLaPf3m69BWdsHMCDt9KOUy8TjdtEnR9Darq6XXQpcm0aXJq+33ddE8KYUR8eHrquUdUUoXB15Qxh6svBZjTL4WAIYKgiZzA09sNm1d1fP3/3rafXnx1224e2rtFUorS5OLt68x2zXD1MYZz267NnT99+u6m9GKrUXmw2n3z8YUW6WnY/+v73bz/54N/59rshhHbZxNQ/e+NJjN3irPJt863f+O5PfvBX3cVFf3f9nX/3uz/58Y8WjXeL6v/5w9/75ptv39/eeWOd91nSMMybRkRyhJvbF9baxtU5RgvKoCPz3X7bLRabzea3f/u3P/roox//6AfXd7fekKsrFtkfDoSKIHVdn51dLJZn/Tj1UYgsGbNYrtEaMlbIDf2wWS192/3kvZ9+8snzZ998d8radd2wvUPhoj4IqoV1RFE5ZbLojL29v0GAxaqTrDnnZb0AAGEQzeXxpGH3lcx8MfTGoC3lvF9o9X2vqtZaa42qVw1lrtxaT2SVwBoiJGvqytvMj0aoUFGZNFMOBoWAFQhPqDTNIAzKCgGQAUWBFQhQAQ3M1OITwgBgCMQCGbUe8vs/+JMS31vnjPPOVmgdElVt56yv2+7J02ftcvXa66+vVqu4f143F2nYNZa8p0z2rOum3S7s9mdn5+M4HG4fGls33mNVi0gYp08//Txx3qzWZJQEGmeNyrTbPT0/X3dN5S2HAHFIuzyEGHPYDfdOD3ef/1REQHS/36W+yRyH/QEAZp4p0bmPKby/ubXGgHNTZlaxBl5cf+pqi8SFWCoxOwPGV3XbLRbtB5+8f/XmW2++++3F2VXUqh/vyLTrqu2vP6zy3qJ2Ti5X/vrTv/2Ywn/0H/773//xjw6HA/ainDabxWLVvfHOmz957/tqCQjGGKJwzvri7jam6fruuqPGkqmsM945soXMtwyiEGXVWfmmZKpqybgqZO77fr1e/+qvfufp06c//P4Pfvrejx8eHpaLdrVatVXlrG3aum66qusGyUoOiNCYYgZgiBDath7CWPnmfLVcbc6axTqKknXPnjwFKBoShTNYTnoRu8N297B9691vO2td5SRL8QkFzCWSRUC18NtKSnzyDKdHhCzTKHmSrD8nY/7yysIxJxOjMUYKEftxpAggWyKD4L0DRVXPaCclAVIgFFXJyBElUS4aAASFgAwRpUwqMaiAZi0jGmAUWCEVyDVoBI0IQMqkREAk6eq8LTqQIsw6ahw4IIMOOwQgQPrkg++p4MWTy81m89EHn/76t7/7138m3ldknHNVHNPNJ5yHuz2Eu5vbnbWo/fnFRVVV0zQ97Ha1r5yI8nb78BD6/aq+giYjbz/7+Htx/EwzP7+5DiHElPb7fhx7ovzJJx/92/EFIoDINA3OuRCCPJ7zfjxqKIjkwbkoGjI7h5KG84t1PxyYU5EIDSmGw7Qd4s39Xb+/mXbP99cfGd/1EbdjiqyK7p233kkp3N9cL71bNfXnP/nh59/7fR1fbBOrIWNMmIb7B/of/6d/c3NzbZ0ZdjsAuLm+yzERwHa7RaIYI4gaomidzc6SRSo8JYCRjDGsICLFNpgZxBiyNXpVHIaBEM/Ozn75V769WCze/+C9OE7DmKzxm/Oz8/Nz582YxFS1QXsKuYkIDAEaEJiGfunrp08u3nj7XTUGjUtgR7GCZtaLkCJBDAK6Wiw/e/7pD773/W/9+ncq71kzKhljUAq+69UoSBnRfNkSnGbsh2n/0O/6r42Ovu75um4EYBxHLlqtRM5WxhjmOXk5FZ1muhQssmhJBZRFMkNOIjM7vYJRngcyhOELEKtHvImiyiJZIZOoKqMAMZFmzPMnx9P0rqJBSEV7AEw67IYpSNwOu0W/3f/e7370Z3/ceteEmJtm2S033rUxSdMuhhAr37x4/nR1tkJDOeeUxbet8a6tq2nc729vP/3oL/PUf/LxB/cPt4u2UdVhGFjFWpuzxGl0Bpyl939wZ60FlpQDEU3TsGg7mDnYpDBezd6SHIMRshkpKxiDTWU2q1YCt+6pUWnqjtH1EyfwTWXXrYTx8PFP70WRfCvkwpRzSO/dfgAA4/XNNcj55WUO02F//zv/601KGZCgrkEZUvi/f+d/hhip9TBFINvvekiqqP3DwZNPU7LWAEAqEocGyM4JYoGIAxARZcxlcA8BMgzGWYM0DeNuu23bdrlc/vp3v3v12mvXz19cX78AAFt36GoGzJxc3QiZUqS2pbZhCICcc8tuYYhQYeq3IYMATozN+Wtp3npyLKIqAIQUjTHDNFprM7OIem+MtXFKAHSkM5R5aBtNPwxf3sxW5NJVSV2K/AtbgvU+saSYWMUgWaKsIKLGGlVlTjnHkzpBpkTtQsGyzkoLmplTNhagqDOpgpBIEQUHEVAhFVIp7D9G1LCinctkOLdGlAGRUDFnNQmAim6eRQMAYBQQhRMg1pWL1hBab0RCX9m0WrUhjN6BcEopgprbmxdoqtv7j9tu6fxZP8J+ehFCMI5W67Mfvf85MzsLqDns9zn3msLQb9u66vs7QgTN1lBd1dR5bkwap4uzy91uZyhRKWqxkMPazBGRziIMpTDNrMoswki2ctaJSIpaNR5JEDVz2vcHBheU1FojUlVN48xqBUSExhU6UWFIKXlfwdPlNE2kUNdr0Ce7acx116doAC2ZuvL9drfq2trZ6bCvvYvjEMchx0QgaJtxGlg0iahCUmUGZHFUhlYtIIoiC9hZZUKJFFj2u4fofLvonK046zgEUHr65NnZ5uKNN9/Z7Xb9OPRTruu6WSwzGkNYeEQLu2BBW97d3XWLVeLctF2/23WrlXX1yjeHONp5UPPRyA7K9vMb58zKCYVd3/dEVC8WkCxkAQB62aCcv2jsV+i4WYHhsO0Pu/6w+8WiIwEgYw0weHBYJt8gx5xS2mw2hegq5xKfKQBk1K4zhQysqDDM9PSqNNOpozIIFkVzECYVoyoqRRzGqBgVx4pWCArpQZnFmVmZdRzHwibLRf3yWC1eLTciQkaJ2RJLHvt9AJCL9TIlyDmrasoJAKz1i9UGyV48ebranFvvhml62G2dNxcXF2jdw3a7fbgb9/s4HAzEpnZXV1ett4d+xzEwYEwpAhjHYUqStQ9TiFFVnXPCKedMgEMMUJCTx95Q4YCsnW2MGTKzqiVMmsMUScZV42zjJZucIWcUppjyFMPCiCkiJSiEE2lB1EMI6eFuWq02ZP3d3T31ZrlYjymTCcumbqo6jGNrDFYVJn7+4sX5YoVRKKoGxsCIapGIgREENOSkSSPmmTaGqCj5fcEnCKi1FaeUkVCBEFNKIoBoFMkav1xVrunqvp9CACA1BpEKo/hc1dTS1demqdab5fXt9uH25q++/6N+mEISNPT06TPBonYERfOIFBhkGoblZnnz/MVf7j/bP2zJ0aJZgCFjPSIiFj2c+RFAm6Y9jiK8fESFhe36/hBi/4tZAgK0bTvFLCGoqhbdMc2ZWVRFNQtkgSJIdcTwkYCdx1JVRQC4SFpjAVSIgBYZzyLCqqRiVQSUQK0KqVJh61IhLVXL0kcTUFXjq6LKgSKnOrGoDlMfQsiSRMQ555yLMVbVYrdNnB1nquoVZzBw3nX+bHNFxrbtGrRiNs61hnAa4sMDrNdvX5xTDON+e7d/uD083GzvXtxdP7z57Mn2PqeUiYjZaO0rrFkMVf5+EusXIUzoWsacNLR1w6qFCRTgGBqpGk05DctFq4SHGCQTc84cRNxnn72orPG2IlORbSrvgW0S9ctVDGMYB5BkkQkUszKnpmkh6yGzN2SWGwYz2FrRDtP+SVc9e3ImaVkZhwzEOl1e2qyEqikPu52m1FQORIPy+7efT8qSMjMXvarCDzTGRESWi5Q7iaLlmY6fCIFlu90S9c65pl2IwPZhL4iGnKu8bx2Pt94AACAASURBVJa26qYpTjGgIwWZud3LhHHhConxcDgUQEPXtNeffAYKgHq9/9xAOlaMQIrOYmHBvqsbxPjpjQ5jAnlQNM5mKcRxFkkJbVG5RlLO+uXakSKBX6QszPJzqqhfXuv1mvb7FMYQAyIaY8hAVTuVrMIl00VSInTGkClpytGvCapiFqQjd94MGQFWyKQJtYgYERRPAYpKRcYPHk+vIvBRR2wcx6InWU6AQj5h0DjnRACASoPW2pooONseeu2a86ZtLp++dhiCrxZTkHHiq9eeEZlxSOSgXTSVi4fd9HCzD4EvLy8b10kji2ZZvfluf3jY3t94Z4S6aewBNE6TteRMlWiq2ub+sGuWqwzGNS2mAEjNYjmNI4CBom56rEuTSg5snasMHmLkPKGiJ6y9rzbnpJBjGscpA5Nr0TYW6fr62nvrvQMliVPOEyHYqjqMU7dZsWAfJjSejGGRqqmrSqdxOGx3ta8Q6xRj6IfKUFVVnCY0wGkK0wTi0jhF1NWy9ZJjjCllyYxg0FgiijES0bHCQlxOKaKs2VgaRURhsVg0TaMs19fXourquq7aLCoyCpC1tm3bMUUAUtFZke8Ru/Vw6L2v26p+561nH77/E+ecxUwhWA2AVJjyVLVcPiTM49itlsDJeZ2mcRwDVt6aeYKclIjmhiswxBS/vJkZLWs0pvLeGO9r/aolX7VUZLfbTeMIKoZmuDMhGEIQVmFCtQYNQSF0EIFuee6c4zB4Z53FcZwAQBGTqOiRRtiAs+gdGgOVrUmRVA2qt1Q5W9fOeRj73aHfKqaqtkoZrBpPZAlQ2rpp6kpBxn4MIRhyddXe3t0JAwNWdeerlplYcHcIm7O3V2dX50+eMVBiSZk3Z5vzywtrjbEIKtPUS+amqiTnzz/9uKnJYKy8sdbEnKaUfbs4v3odfdeuzozvREiUMitHBYR+nBAwxUCAwplArQHhOB62koKmCdKEHFAiSkLICjgGnnImYw05Z2xlPIByEGFANYa8M86oomTi7L0aSqgRJJrCU2YQUL13LAogZJBAUZJK4jiA5pTTYrH2rg1BDNpxCLvtAwKnNIxhp5CQOOaJmTPkcdoxj6XTYwitKWQepmpq5ytjrRpSxCwQhWOObVNheZfeG6KcUoqRWVBVWDQzqDpDtXXOWTI2F1muUvXQohVpADBnIQBOSTUazD/+qz89P1setteGSpyhgiIFYFGIfwCAKKQUUoo5CwBZV1hRFI4FlpK2phRL0575C38ks3DWOHL4+ujo6xaqfOXzJ9PWV9jIFCEjZITZNwkQg1GwZa5RYK4QgyTQSJJynDhjzizCagwBJ8ogpmglAWgRIyQURVIV730Yxilla+1qtbHWTiHtdvtnV2+oagE5H/bBObfozi4ulr59ksU87AdjTLtYLRaLtl1UlZ/GiOiMxbpyKsIpdk37jbdff3H9UZruldOTq9fq9vwwjqIItkandWedb1ar89DvwtiHoU8cdHjQmfiUmVVyIlXU5J0jYBAFndnSFUSZwHqFMt01R01FasTAifutaMCom4UY5TiMWFiP9UjjN4vuFhGOMtoiM7FPQdSjKrEaRQPG3u23BgJJVMkFwY/OEUpOGRQKq5MxFskCeUQqs2CCgAUZOqe7kHO0BEK2HKBWVUgQjRgikYJz55IYoKgWyh6EwhGYC1Jai84NEqIqcIYc20XN466yCvCyDfyzN+Yrf/1dd7MYODJ//ULf+HPXKYD5ul88//lSHnLyQszFEkQkG2MAPM6yTCdc7vx6VQVFaz17NIIiGmLODKCm8s00Rc6qRG3brdZni8XCuUrU3dwFUXTOLZfLzea8bVsAKgn0MAyIxjmHZJjZWnOxuMhpv98/3Fw/995363PNpdQJ3hp01rS1dl1eLqZxH8Yxxol2PmvOOXKKKUROmnIUlsoZBCAlBJL5hhEAopRjDFVnjNnMz+MK9uq43bFEmVwmN149bl6ZIdGZh3sG1oicGHBURBQJDZFz93cHxEQSCQRmHRQClCkJERhj0BpRMmqgwPsVVGWujGtW0vLeQwAmgaL3aJnZoSEEQusI55pgeW9GrRprqkqhSEmVdyicWVVLZKsAhWv/8vLys88+aZqa0/j3u0W/bn2tJXzdnv66vOLx60/36RU1s1d+ihACFbTp42BMWbVIQpbarCoYVVI1j3oL8LLTUHJm5wzVOeeYWFitNdZVfT+07WJzfnl5edktViJyOPS7w2EadbHqzs/Pu64zxsYYiawhZy0cDgcAapqmrtq+71NKhvJq0fWH+939PSJeJvZt53yjqljGYgu3s6GqaZ2rWLNbtDmnGOM49WHowzTkOHKOYToYMAgZC/kGUSlOxlQaCyV3RIAiVwzH+lLBk+mcZOPMCASv+F4GgNJJPTKbPDowEE5qZSxKCEDW+bpdrVGiSpKiLJ9BVUU5F153JcyoKCKjKgJL1y0Lv3U53lGkEPmlkDIqWmPI5ZwLPzGiQc5E1og92qcYsWqMdwaQAJWIBPP8xpiNM6W/WoCPl5eXH77//nK54PTFvfOz1885i7/+9b+wT/jZv+kLZ9XPWCWpwcIJq6JApcBq7dwpO7Yh0VprHcV4wqNDETAtoNwwZRUDhM41TVsZsgIoIldP31yfX6yW62maPv30+d3dHSi5qrt69s5idb5YLABgGCZVXXT1YrE4HA5V5b2vzs83xrhx6uMwGbL9Ya8pcgyH7bau2su6NoicQk6pHAoEiGQREY2S6uVqnXOMMU5jP45DnIYYJ85xv70DZeXMkiQlyUlEyidC0oJ0tPODEiBzKp8VcFbyUlWBgj9RgLkKCydiw/LiR5Yw3wt5qQDGLAYVyRpjnl69rpBVIrAwK7NqRgG5vvkEae57cMo5hBgj59w0hcQSRRIVMyZFxaQZEUHImGzViQgKEVkUIeLC9IyoACLAINbkCGiIiNAgkeCsGToLGMnsQ1arFRrzi27rv+Pe+8rX/8I+4e/+o1X1qAypX47ziOajDx6FRiLZ2rnvIjyDU4zBxwN0p4FVVVUxIYojR2SEDQNVi2azOe+Wq6pqUkrPn98+f/Fiu9177589u3py9Xrdnrmq8d6LCAAxMwCEEERkuVxuNmfn5+eHw5BzBgDnzHrZkQRmPgz99fPPcs6bsye2blTVOOe9N9YiAjNxzixc2xrJo4lE3vk2NVPOEYQXixVzSmGahn4a+3HsUw7KUtc1wkzTXTh6EOCoTH4C1qsWhm8EVYKXtFQvr7bM0+4nADPDzDKIxszESgUdg8YYa3JWJEBj0WOFBsEhOkQNIEhMCsycYqThgP2QYkjCBhBAzTzdXoTPgYslIAHKicxRVemohceSmA1RQkMAOU4TWuudK/ydxhixooDGGObEnI57w3ddl9Iv6BH+P6y/5zzhtL7KkE4mcSRmKoqsrKoFdZRFREv3X7m8CHA+Do+7H0rtQBVUjCoSOl91TdOVrWTIG/LW1rc32+vbm5ubO2G9uHjyxttvPbt6vV0sb2/3MWZmRUQVVMGQQxF9c86J8DD0fX9IKagyiJ6tN0ZzjDln2e92fd8fDofLp1ftYpWjijARlW4RACjA7jACgAKjIJL3lfFVA8rWV8o5hcnXXTWMVTOkGHMOzgLISX+Hs2SWoCrOzLNXJzrbEszTkREHCunB8WqfeB9OllCaslgOFQBVzQokYK0xrt71hwLyQ0MGiFBLGQ+r1hg1gFaFbFQgADLGKHNRTCcCnRMdnBmIqCgGmDIqfMTKsSIWzbSSHJbh4RBHq5VFtN4QGSBUMmjAYmHPZ2OQrEkpr9brm+vn7qtJ4//+1z9IxvzYLQDAKUt+tL74zOn+Fe94pAjHk7ss8rAAAEqqBoRBjQp41xI5Z+vzy4vlch1j/Oz59Y9/+lHJept6sVyfPXlytV5tmGH7cEiJOeWcJMbIzMaYtm2bpgkhhBBSSnVdM5ebwv2w14hhnKqqenr5hOj2+vZ+93DXdd1qtQopDmOMiZWwquqqrp2r9rv+ONQBFstgh0WjOiVFsK5uyPmqa1MWyag89A/CKaWQYxQZY5aURSWatkEtbXgpsrmzhvFsBlTwmeWYgJfu42QG8/guvKxBQcmYgQwaW9UNgwCKqEZBZYUsqjwlMIreWEIFo2C9sZ4dZx4Ay/iYlOOICus3FrMomDYDeHoEAPliVonCMSEiWAPgLQJYLO1yMvMeKBdPRNq2TZydIfhF1tfFMj83vzVV1Xzdd/5Cq+AKTxjDssj4bn0+RbaERJrCmOIonKw1OcUi0AGkxhIazMwhhrL7yZAK5Mw5ZxVAQM7c9/3Qj8ba1WrdNI21vqkXbbt57bW33nzrraqqb2/uP/zks932AGC2u0PTdJdPX7u6erZarUWhH6b9vm/bJZF1ztd11TRNXdcFVDtNEwCcn5+LSM6ZDOz3BwSJ47BcLOq2HYZhu9tmFua8fXjY7bebzfr88lJBpxCJMDM/PGytsaVbzimllEKcwhSmKQAamZmbj7QjgIAUwmiMq+qmbRdV3fiqNs5Za1POWAj5jCVjipCuKBjjys6bEwFV1RMNOiICERHNyZW1btf33WK9WpynBKLGWj+NMaQcUsiSWEruRapG1SAaJBAVIptFY0jWGlXdbrfCOedYeXe2XtV1FcIUQwDSpm2Ntca64hsBjnWwo4BQ2U1aDIjFOguqwjmllGMWFlQs/AbMvNmsrTWH/lDXFSJ8/MlHBnWzWYvIfr8vQ95lkLDsNzyS+M9Fra9ZiFg4psq+Px5VRDSHx/APFx29usoJ8di4xVoDIIUaHmaOXwSA+5sb46uuW3btsmkaQpNzPhwGRKyrjtAoSJi4aavNZrXZnF+ev3F/t3/vp+/vh1FEEMhan1jeevMbvmm6riN0mRXRGANV7fKpHD+vl0dISSvn0QhVMlBkDwWIBMm4pmkAICSOOR222+sXnyMiGFt7y8qq4JxBUVFFnWMEgCK8oIgnPXQitEJChlD4tdfeinEY+n4chzLmcX7WWEf3NzcsKcYp51gwCNb5ikgYWLjkJFp4BYlQYehHpHKPwRhDBCgFkXJk6znuk1m/ei5ZFJskJQI1ClIcgYJVFEUSBEUsBH0qMM/xOeO8BwAiOA3HFngNoQUihEJcb+nIXK1HP2+FlBBFoWguSxYEgkKhML8vQkNkjXFN06TYn5iSiwGUn3ZKIb4QhpxOZDwKLJTf+/jUPr2+nODlG/9xLAEAALDEi7Oej7UWQHhW9i6IKFElco6Z9/s9Z110WFWNCDGzCnBGZjTGrpbrZ69dbTYba9zHn30+jfkwTkM/MrOr6uVy2TTd1dPXBBGUgIwIGCLrrEMMiY82eQrPXl4U0bnPIpJLmRPIsiAQOOdXy03lm0O/y/uIKve3L5jz+cVl1XaJ85QmYbKF/1S04OmPv0B8Xc/TOfjS9gxqDAMYWzddqcaDSqHmWJ9diuaUUpqmaZqmMPRD5DSGcayqquuatu0QMcYwTv0wjES26OeplpzjZWRykjaGVwsXZVMUJFpp3QJgRpDyeiEoEakSKCGYLDqlHFLy3tdtQ9ZIZtEiFEHFDIyxaAjBoHXFHgBQBTmrqCCq81RaKMiFeByAiDU5VzIjQERyFohs5Ver1c31IcZ4Ao8VB/7lEAhPHMBFtW3GkL8MbU47/rH3ePxz/hEt4fHC4zh2AXRJQWErAKxWZzEWIrgofKhrcbZCtNfX1xcXF28/e/3s7GyzWVlHNzc3n3zy0+vb+9Vq07ULs7L9OFlrF4vVxZOrpu1EJDOKCCgdHaKVEF7dD7NAHREZi6WyWaZWjTGKiOqSkiiS9d3K1jGK5mE4tG3bT+PD3Q0RPPG2rmtVHeIEaECRQMv8RmGhUpT9flvi5tmbkxZk2NgfnCHvK9/UmjmEMI19nFJK2RAQVVXjK7/ock455BxBlFOcpuHh/iCaicA5t1x6ZlYtEO98LMQxQxncgLkPPfcWMhTcMioqlpYvoCKoApESAxRPIggGYK7yGhKElPMYUtdp3bRoXQhBMyOYGXNDhtAiFuImi0iFWlML8hIYUSUzYlEhVSAFC6qAaNRaOKaL5Vx3zp2dnT3c35Tj/xQRFQaAqqrgq6r2ctTnLVPHJaAqsXp5wReS2NNw8j+8JRyVGr6wUkpFjnSeeoMZNZBzds5716qAqgElIlf55t1vnl1dXW02qxDC9fVd3/f7/X63OxR2lpQSEa3X67Ztu+XKGDNNkwIgOiKCwvuiOAeFJWB4NWVHxBKDlpi71HNVMTOiojISOmfBGzuFoalqyckiZI777a3z5uLy6apru7oaD6Eom2ApfYGgAuFMN4UIhKoERXodUZfLZfHgMWUQRePabt12wMxc8DIcFcX6ytdLS6gS0zT21g/DEOKkyjlrEUIvcIa5wFDOaYASggqAzCrZZUmJRAizEoIKIs2NaRDSx9T2s09QQmM9Z40sUaAx3pMVxaTRAIEp2tnmpMU9NwaLLIQWIn9EBM4RUZVEjQOdAzNEIbYlQ1PlcsBbazebTdu2cToUnwBzMe2RHsKj3OC0s40x3vsSaxXDKN9+MptTwqCq/7/kCa/Uw0QE6QhwQTRlhA+MMdbZypAHIBVTVc1qebZcrjebcxHZbvvr6+uHh7vy2ZaLDRkig9a4pmnaxbJpGlc1xriH7c4YY21Jp8pnzsJKZI6hc5ElL0UPLQ6UOc1hG7NzjhkzMxICIIEYIEdU+6rrmpvba2vJW8spbe9uraWrZ69vzjbPp2sVJSVBUVUDVHKPRbtUlOMMYdkhCKCWiJlTSswGRInIG0tkysmXYpimKYxTCCGGFCX1h4fa02KxOTu7YE7jNPT9fgpDCAMiAMqJp6pQsGfOZcN94ZYYwBKsGoBSkIJjkarYT8GGKCkAKAIaslWNpFkgxJwVnLXGeQIiBYESl5MqCisooyUERYNUdNOQkIhQmKNBVlEBKMSbpAhIkBIAsErh9hVRRFwul+v1+jbO7Z2cMx1JSouj+GKVEkBEvPfL5bIkdeM47vf7cRyL09ajFsnJHk629I8ZHcljhDYRkQEwQMZY69EasgbBO7dEqErO5GxT111TL72vP3j/wyITaq07P3syjuMUxpSiEVyfry/OLwuCqOwqEbDWYsGxiIBkVc0qwlDb+rj74ShJVzANaoyJMZ1Oi0IRmRjBIpS7q2I8WGsXbSt5NU59zIkMCceHu1tVTTF6Y8EgFDTR8fYwIEsqNX2Bl1AcALDeI6Iha8185rFIzjINByJyxrdNVVfLnHOMUTg0lQVJOecQEoBUvm7b1hi8vnmuysw5c8w5FpoFES2SjYovxadJS91KEbXUpHHWHNDyrlFPfeyXC5Gc95mAUxhTDDk51xrnCSwBsJZ6d/lsJSbLCErgSkRWyCwMqaRJSAAFpfCxsCoDqkCaE3wCMKQqaKBqms1ms3u4Ka3PuXLwiIbisX94/EzZBnBMGPBIYPfYIZRVoiwAsF8KXRQe+8avWPjolactDgBHjSeAlyeQzmEmzMZPCkbAIjBaAiJrLTnrnLOustYCOoTamqqu20W3quuWWQ776f5+O45j8ZiZU9/3fd93Xffk2ZWvXd21i25F1qYQxsAhDCJ69eyZFOjmy46EKlAhBycAQSgnNykJqjIj4sw5JqiKBgyhKicQBwjKnBWSMUjW1s0b6/Xfvv+Tsb9vFl3lTN9v9/v7+9ub73z7n4ASmBKNQEGDEhxLKCIzRE5YNatgBlAk0keOXhAAmroroX7OGZSQsG0WhlpYtpJDjDHEaZqGEMIYI3N655u/knOewtj3+8Nh1/d9iEUIuwJ1KOZlznxCQCrBzJJW8viCp8iMDGhL7g4zDRsBgLEeEFNKkSWzZlRD5JwBBpRT8aOgN8AwICmq1WN2RGgJJSkaQTZIDAhCqKqMAMpJCFUQDBhQBSVEb6qmaQw5UBIGZlVSQ1h28BccQnksScJ2u328ZcuxCMfg6vRdquq9n6sGi8Xlq/v8ONFzeqJIsB2PT1IHpSR31PgQFEBBnEXqVRGAinKoQPX06l00jTGokEIYx/5wOOzyNIGjumq7rmuazhpXrjUDnm2e1HVdV7NrOxwO0xSZOcb5qAMA7/1i2S2Xy7pqfLvODJxyFlYWoJlNcbVaAQCCefQpCj7Alss2T7eBlHmoynk0ZMmUXlbinGNiViJTOtCLRefrapqGYTiwBAC9u3+x32+dResINCGid7Wzq8uLZ6v1RkADgyIKYMwJEUEYQVAYNKMWShtA0+ircWOpLRUMP86QIoSCGAVxfgZopRQKBRszi+bD4VDiY2OwFBlDCDmnmCZENFD6O9a5qgijiojzlog45RBCztmQtd7Z2my3291uBwCLpnXOxSkM4+Gw3cVpqLuqrSvRuFq2m81KU/aT5hCJKKTYj4d2sWi6dtcPCAYIDXmyzhlvyBvjENXVeGyHlyhMyxd1XRORIUsG4WV8n4H4T/70j1MKqkpEy+Xy/v5eJG82m3m7vlzFEl5RKHwcNcFXr3IEkH2V9wJO5eevMoNykMCxwUmFmKhIw5WCOc8FbITC4KImZ5EUARVRybjF6mx9dk5E+/0+pTRFiXlqG7tcLrp24X3NzGHK07hDxPKWmNMwDMYSGXRkjcGqqr23xiAQgpoC4C8N1yJPhIA5vdLmPH0EcgbmbE6PRX9FAGZGETCKWLo8krMwc0VgRJVACi0eKzrvjd/tHmzdNSopDDnHIvGmnKa435JDQ91iaYyZYk5SUDhFchkU+eQBEPBnOd8iCwBwKr8WyLYCKiCSI4MWDBkRka5zKaW+n0IIAOCcq6pF01pC1pxijMVmmIeSmDVNk2Iup0bdtGWviPKHH74/jr0IrNfr1WpljLkPceinruuspbr2deNUTNW0rqqRGMJ47G1pGS9gSSKRrEMwghmVRAQhIyIQWrGCFsqHFwWc8/rZZ6uAEJXKIquoWuvONufXNy+cswBAZKuqAjg5hMfXTwGgnJVfNoZTgvElMyhL7Owu9StqKfBS+vy0pVSPjXRAeRwOCZfdaBCNlhoCEoKxxmcxIlkBiLCqXF37MlWMiNZCXbfr9bprl0RWWMpRV0rI5fbMJ5aprLHWWl+5ytdV7b33ZEpB4OVeP5UpTzWBL1iCta8UEE4XS0ROQWcJNEvNQY6xX845cU7Mvnbdorm/v22axhrd5ZCiggMiypk55fvbm5jzs9epXW7YYMxJRKuqKkgCUEK0KjMpms7hBwDMQ6qvLELVI6YCZ2soLr6UFE/F9bZtc84FMxJjnL+Ok0q0lpxzbV3NnyKlnPOUYpnKKHV6VR3HcRwHESAq9UobYyYSAfR1dX55HuNkEcgo51l/jLIYnOUgMJeavTJnZkZThnMMILPmMnELiqpGZ8OeJc7KYSCSAUhKCVFLTMuiQuSurq5u726OoEmoqspaG+P0lZbwuNvwd7CEl8tiufzz2fR48v9ln+JLAJLiB2a3AgqKkHMCAKXjWYeIBbbiG6NmZivSPE1xmiZErarips1yWc4ed9gP+/0+JZ4NYIrTNJXWesFEOFfVdV3XdbkWiKhgVV+pqZ266K/4sUeW8IVS2umfpyt1enLujx67Y8ychQXAmLpt27nPQ3Vu20ETZ2Fkg0SGhhC297fee++qQg81TIEAteh8gVEAJABFAZwv1fHqP37UU6voUenw9OSpI3v6mCfbCCGUKnOI02F/UC1C8Xi6LOXrInUlIuM4hhAOh8M4DoBSVc57n1K6ubkBAGttafl7bzmGlKecc0o8jiMxX1QdFsgQCjlTziAswn/ACswMqCVUNoBoKwOvYnnKP+eDb8bZztmdQM7ZFHLVcgVSSnMPtEQ7X4qOTj9Tjxft1a37hfUyJZ65ZF61gccZc/lBp8004x8fS7IplsItCBABARg0FmEG+oYpCahoVmVARtTyeHV11Q+HcRxjnIaBjHExTSwppFiuZuTMwGjQeufrylrvXFU3TV3XzlaIODfBjoZwaiV+od/+BWN4vPsfG4P3XvUlPh6PXUlNUVTleG8UEdEQ2q5bMgck17ULEO4PDylJWzeStW08Cxx2dzfWnj952jSdMYYLCMMgaLEHViE4ziY+Xsf4GWZ+EtWTZ4CSLpSbjfh4c6uqgIqwqrrKn9XV2cU5Iewe7mOahmEYhqGUUwowzFpv7cxTPQwDQKrr1nt/f3utVeV87b0vmKTaeV+5vu9FcwhTiANwFo0i7AEm661zoioI1lqyhjkRFVVRFMqoWnZ2KbOaaF6eMuU+FTB66QZ80RJkmqamqwssslSEvLcxxq+Ljk6VpS/kCV8oMb26CABMVdezYb00r1egOPDIzk7/ddKQVARQEkRAY8hbUxlbOVc7WztXWVeHhDHmnLJottY2bb1er9frZdM0LBxjTDmllEOYQogxBjImxhBjIsK27ZbLZVM3xri2XXhXe19Z6xGsCohgVj12zfRkCaWniF+zVL/aLbTtMVY+utf54CRkZhZFIiQCROuctQZQRbIKO0uqGsOkIoZsDmHRdlVVhSn0w6CqbdM2bZP/X+bedUl2JEkP80tEAHmpyzl9m+6ZnV2uJKO4S2pp+qlH0CvoefVPZpRJlIkid2c4szPTPd19LlVZmQAiwt31wwEkKiuzzqnebk6HpWWhMpFAICI8/P65FERPLfDqkgTkfqhjSAwt98oxbn0xBa4GTSEJy80PJgGv1uruVZoqksQYQng0Gr4KZ3naf4KIq9Xq6vqmXbcpNT4qMYQYIxqVUu7u7mqpXbcf+t5hdVyyItUYg6JUkZhiCA4mguLebZf9HUPSxsXtUqdOeaU2wdr50PiyGp3kJrkOoqoqh8PBTclEWGsdMzGO4bdjm81EJ0v3WUoAAAiu747bzePtCRFhsWP5FWURqmBAY9ah0Xq1BWJCZmpCSMSBKCDEXCIRE2GIlMaCG8xsb968Ea2+gl14dUNI064VgROn1G7WV23bMgczTHGNSIRBjMRQ1by4U1RVWQAAIABJREFULdJiHKeZZuacMzzmBtPBsYb7iZ7gBjhXD5yoEDG5GGaKiCEGMau17vf71ETVFZjWXIl4vd4Oh33XdZvYaM1iaFqrlof7t6ltbkw5BMe2NUIBL4dqwADV7IwZerZDo5kRjnqCp695hTGwM7mxyERMADDU0uXBbfZEtN5crTdXo9JfSq3VwYW63s1xGGLTNE2MvL36xaHrDvt9LSoKolKGmkvfpiamIFpqrcAsVUstMfA+l9W6ARUxW8dIBB7JK11WGNPQ3BgmagAog81zBBpUmZEQcRTVzMDI0dvmVf7w8PDZZ5+9e/dujpjIOccxceGUJ4hM9Tk/YvX7mPmfgPhUKHpqPgIvVOPzdSSDkYACALWrLSITJg6ROYaQiAgh3qTrEGJKkQOKDEM+HA77nA8i4gqTiNQirr0BYd/3sW3W63VKLVMg4rZdN2kl4kAfoAoq5k6cqbdH5XhuvuedUAIAxNicDJD/6zTgG+QsYhJRaBucxE1mNlURGQZomialVmoeOgOjtllrqQ+73Wc3r+7fve+6IaS0aldgen/3rpTy+Ve/RHdfAYLj3CI7hs9z9qMnbUqLeSTmAYzix6wmTVujgSh5vCqib/z+k+vr64eHh91u56swpeTrrGnbq+vrJrbMXIocDof97qHv++jJg+4eIR1kGA4Dqq04FJuibJmYkMipMaOKooddiJoakI2Id+xKTnX+TDyO7ZN58Sno+/6Xv/rKSWUOpfYs32dsRyfE8EFYeLy6WS/4iGszDAAIbDYuOLcqutigaEgUY/Q6ChybwA1zHHJljhyaGCNzBPKZoKvta4exrzVXGUSKaDErAGCgJde+74ehENFqtWratYhgiCmlJq2apm2aVQwNc+y7Al6TDxiR3FGAZBz5LASIPsEq9n9VYR5NlwqapmmaJqXkkrQ7I0spzNy2bT7szaQaGAByoBBCSkTY94dD9xAI28S1DCpD7rt3b74nyU2IzLGq5ipIIa5WzXojgLevP93evuaQjAMQdt2w2+3agDNWxYhq4Rr8YoqXpIJnDEzHiX/68RhV8aQxs4vdwzD0fe9ZSm7CjzG27Xq9XjdpFWNkIgB98933SIZWc+73h7u7u7e7+/dDt1+3ze12e3N1vWoiSNZazIQQQwi5lL7Ufsi1qgEZMhASTKHXROwGJERE9GLVKcQYY0AC3yJNkanUGlO4v7//7W9/23Xddrsmoq7bI874Xh5hiYg4DEdZYHmwXq9nPXButrCUHDHwzHBMGQcB84hFGoOyjAkJCRV1vW4QkSggRw6JKSEGg7BatQaEyAAE5BJqDCFJLWboKaoipUoWKaq1aZquGw6Hg+q4vzJFEUvtlohCiDzKVzyFc9EYDfZYhDMzeColvLwtRayFmiUn59hob2VVIFcZAtYyABAhp9T2DwOCBhCikBIbgKkMh/0hFyKKqdlcB5XSHUoRXa1WTEojsPPRuQEAVo+3XlKC6ItSe9Ej885+55tFjNEXogcmHA4Htz4NfSHaxRgjxxD55uZVlT53BwAIIdzc3F5ttwD6/bffdEVgtxuGtE4+HgHUTGHELxyBrUYlwCZjjnmG0WJgFwLrZAUC9KBUZlqtVqM3DSDGWGuEaV/wbW45g8sDf3dWvxSJ/fOZV4SF3Aw+zzZmlhCAIDBiIBqroxridnOlCF6kFZEBo+/QMbRe34lT5IDk+iVYrUVVRWspQ5VcyuAbj++7jibL1MTQhJAMcLO5BsTRpM3RgGVMdZkkuPGlT6niX9KWivI8VcuN1gdIVXFydDBz0zSRceg70xpCWrXrw+6hqplo4qnucq39MNRa3r6pYvYFQWw3JoWAmhiqZMUJ7tI9Bs4ZwtHxvGQDNZ+nhEubQVU5+7m7kABdkm39Q0Q0fOce/VKqlJpzQWRE86qvYMqxuUoByWNpwQxzzjoMjtLBHMlULE9LlIgCWVWb8GnGJOhpCnGulumaGhIhMSMiIHj6DhMhwXq9/uKLL0Rkv9+5OAcAj8uuPRIE4DFJuN548iEiMkX/N8x5gKYTXq+BK2RuiUEkpuCAyUaGXt0PI1Egjn4AyL4s2s26aRpA7fvDvjsMw4AaRmV0jAzLvvfknENIbbtGYEQ2pRRX7XrTrDY2+rURxnAdELHHzm+fxQlB68do+iSzaZwZnPYIG6PsgTzg3phDjE1A8E0hMKdW2/WmlFJFLFcE5oBmhiqrJh364c2fvzGzL37xy9VmC8QC5rXKcSq0ChMHiAu5din4LHWej2nPeJTmJ521CADYbDY4IjdrHUZXXa317Zt3SBoDhYBN5BjHMqWffvGVlKF2g0lmU1OpolI0MpMRGROh+4xFzUwJjOx4X1X1jrjWR5PDbTSFI6pqYAawlNKrV6/u7+/3+51OUdYGy0x3mxnOU0pwTfrkeZecJJgiAE4ZHcTsUJXk7J4ohBBCSMzMFI2sZAGGwMQUmFKMK+LoKlpokrPaXGufh/1+13VdCs0kn1URMVAPdPROB07MkSml1LbNtm3WIa3GPI5JFBn7OjqcRmfUZE08FWB+cHOTESycVn73Y0S/jqZ/q5VGYlBn8V5ukBCZ4/Xrz/b7/eHhPtcCMERjQgyRmiaa2X7I7978OYTwZRObzWaWgIwQJju2ywa5lPmhH6kGfJ4SVM9wBTKIMZ09fyEBmsjRL9uu1r5Xmpm21uQsuVTJue9KzX1/2Hfd4WCpobZNKSUxCHHVxLXmruwPueyxKAF7ED5RiGACSCAeEeygpTMZEJFNQw0A1SoA8DGfaYQn9K2xaZrNZhNjLKWEQLMcs1SOZ5KGx/SAj9vshxEZcxg9N2VkFG6mHGV9z1OiEDgxM3NgZiPU3MNoBIshtDE0ISW3Vqjqft9V6YfSD0NXSjbTftgfhx/BTQsAsOKVKplhDGm7eb1arZmjKCBEGB1K1WfHTAGeegpd9kV74plajsLHtyVPmJeIqjK6RnssB49GDg0qYiULRfbUZEQrYlfXryhEM+v2uyLVTFJkJjLRq80qpLjbd+/efBdjfPXZ5yGlZe4V2XGB9ocjCuIjnnCBDZ59XnME8XPnL4Xm0RbisQxt68ZWEQFFImrWa6KtXdUqQ98f+uGhDEOpQ9/nQz+UCm1qVjFA1VqqVohAIZB68jiwohEeo+3UxIVaJ4OZJ5gnzaABQJhsX8TMZsyM04Z0dXV1fX399u3bMbYAj/Ht8zicpYQ5+vpkrEYJCCCogmvevtaZInPjWd5uqHHN1TV0Q1xvG8BRuoyhDSG5FvHwcBApWXIpneigKgJCCMPQ4WQ/XuBfBEI2Y8LUtuu2XTXNCiGSgiqOCouBqaPgks1JiNO6nXnESQLQD26XKAEmlBEfbzVDj59EKg6UZBEAmNmklFJj066njPn+4U7qUEBjoBgIVAJjE3kow/fffpNrWV1db29vDckjixTBJg7gNs1zi/iDWLmnz/XMt7MwD2ZMZGa1qqrWqqqGhkQoDrRqGmK6aZobuCq57/qHw+GhzwMHNoV9N2DOJBqQmQgBzOroBUckcBYuZhXMQ9cQACee4MLY5DIkUyUzT8vGtm05BA5jhNX19fUnn3zy9u1bDxB22IJpxY8XOHn3A4/iftqOGf1iYAaIZMjIkWJDnAgDAIGxERsGo6CuHxFuNhvwxxs16TET8t2b74xgqhipYGJaqlmRTESMTIhAgWNgikRcsrXtZtVuY1gZUC7WJG7WzaHv1Ca0r2n5wZjbqY6P+yOqB8c1MW0tuIjwcTeW4hioayYGBFoBkZi1Ss45MiIwERURqYaIKSWArUipue9qtqpmttnGQ98VtRCioQ39/u23uT08rNfrKaSRllw+xQBArjOc2I5sGTNvx/4/fSgyqLWeHSyaCqUtg5EAYOgzEaXAiAlcaCy5iCBZrRaYiCCEdLW93W6uFSwX3e32u/fvikCEBMHMrGhVDAiInrAKyFbZqgeDeCacq4E+6DibKDweG0wm13vTNMQxBHJ8qs12c319S0QegDRZUV2gdZrwJDxHWCQnJwWIoRFwTi6maqpqamBx9EsAbj/7KqXUtm3TrIhCFR2K1aqAhBCBA1PkGAMnjiEQr1MMxJEZwEqph8P+cDgMQ9e0EUARTU2k5CF3wzDkOtx88mlRMXX3TUsYRawU+erLv0KIRJEwMTWeDA5sXffghA6PKduTKsHhc73riJ4Isfj3w0LRuNcumv/b9/1smbYpFtVzOJdbiIcPAcBqtco5lzIEYo8mrJJzzs0qdd1eVWIIw9DdvX8reWjadHf3zi0enkIAAKpajEK7fv3Zlzc3N4JQRIBQDEspTbMiIzRCNTQEHWHPKo6UYJN67QdjQOjkizgSRi3wWBY6SzNzm7+dnEu4iBX1L+afe9GCJGI1D3kYatfXviu5Ryn94Z5QAkMgNa+7rlkMuiEb0KO4EjwKS8zs8SEhhMCMFAibq6ubtk3eB7V6OOzv79//X//x//Q+BGYO6G6Q9er6fpeZQggpBMIQR5EMbN22Cp7UV7OMOX2otl5FJ4XQrjdiNmTt64E5hNiEdtVwKBVUQAwqIhJj0zSrVQpxFYMOw77r+qGrQxYpgNq0DFbMtEqptaoUU41MHFf7vmva9XqzYWb1FIDQxMSAESAARkA2RztAALMx+uM0LhMmqeCEIegl6Wjmeh/ZLqlZsNixxmVgbuUwRjBaiHwamD13VJm5aVsPPt/VeugHoOihijaayxXB2FSGfn/3PoWwutpSjH0tZpDaxqasEUOHDB5D2oA8D8AAcax7AEsHyOMoA537/Pj1TJu+RZh9ACcnzJ8wAElFM0CMIRJbjLFtJaOWu91u1TZIMpQ9Wo0BGLAv2StsL2ng9PKz9uIlIEZvGDhFEhERhxC26+tDd6/mhlSPiBHHvAjcpNTGyBjYzKqIWm1WK1UtIsBZKxqSYTWp8zMHoEgAaJ7fwiqkUGuxZrXGyIhMHEJInGIIxGjDYZ+H/nA49P1BSyWGlFII3HWDaK15cFcOM8eQKMRVapADGJasAJRiu9lcrVdX1QtiTSArBqKmH9jPX9IuUYL7lU90rFkuWs7NPFtLqWmmCt/AcApwQI8XgDB4jhiHpmkCc6257/b393sP/PSLeEir10g1s7t3b3LOn9OX1zevDDGreU1bG7sBnsIg9JREx8E7dnLxpHbJmPCjNre9EAaKFEJCUAYjkHffv6n10A8DgAbCUoUQQ2xY65xR/ZQSZg1eR6cNOPSbm7NdQvcgy88+++zNW73f3c/WRVUHTGFgJYIQCAOJiOe/1erY48aMnkdnZqBW+70PW2iaa0UAUQFDBQGzogCw3aYQ46pZhxQRKec8HPquDLu7925XQrKY2MzTCPXQ7QEAVADGvoZAFMLq6rYfSs6ViNar7WZz1TQtYRCPzRxLrTikNs+VRv/l7Rk7+rygl/8+lZeWx/NpM1XAZPNenhZCkEnVMwNmXq02bbPe8z4EB5mGmRLcK5KQD/2+PwxEFEOzubkKak4FOGIQIRB6lDYgGiHazL78z6NHg0lGen58PnjCSbsgdqKXO0ZAxIBMDBbACO2Lr375x3/+zd3uoUm8XrFVZcb1ep3rwRYdWHZjJgNEdBgLf9xSBmZENGbmgABGRLevrrt+t98/jHkKiKpabMg5l7RSE7UWA9Zah5xLKYfDAxFRDCFQbNoQKITECN9/M9o2+ZNf/o9qWIrmqqqYYrvdXl1f346xOIEZWWvNfd897Ltun4c9mTF5MJbm3HfdYX94cLtviJyalJoYYiBmBarCAGm92t7evr69fd2ktVTt+xxjM1UIxDH/018mcLrzISxW9okYM3vcTvSESxFXzhPOzjE+9jH5JC0pajltbuZb4kkhun/UrSLunTAAqKXUWhwkHUe1cN7ueXRZqOU8iEiMKY12VSUgR24cVzeBwYho7b1F7/NSeJuiNmASwx6FEy/aJUo4KyVebogUERk9MEfBazFIlavtduj73cOu7zpEWq3WMTVq/gh0ctnl/rL80AzMMARPhRMRATCRmvNAhA8Pu8NhDwAcPCxIfeQnf6hUrbWWXLNILTWLVrUJ0GD00UjXObY5MG+/UgGk0DSr9eZqu73erK/atkkcTHQYhv1u97C7H/YHrQVBVm1iBjMpJfd91/f9kHuPVwshpBRj2zSxoRAJCCAANqvVdru5alJrSrUKIqWUJnBOmOLPzCHcAE5p4IdRAj1G9ThKn5P77Omuv6SEWbM8IYzlnI15JlMcKwAQOUIoiGjOg1RBnCD+YF6pnhDqjIhKn7frTds2JZfDYS8iIcQQg5kCgqObEoDBuPk+pQQX5W1yvhzf3VT5I1ECnm9EFAC8Uq2ZmonDnQsHWq02AHp/vxOpV9fXMabd/r5pmuWCv9SNabIMaURMyqX3QoGlDP1wGIbu4eFhGHrfgHwJEbEahMmoaaiIhgRej4Z9/waoUnLOw9D3XTfhO0Ew4BjTer1u29YtSlJqzhlNai5D7ko/aBUcfQKetlJnVAVAC02KiI5ZCcwGJIBMgQMFDO3qE6RkRl03qpKOUO32YLfHgB+A2Qgi/TKg8LNtzmN+OsT4rJ5wIgLhBT3BeYt/OPlBgYiGPMTEzJyzZnEoA2RmVnYLoa8YAjI0AmhTQwBMtGrSUHK3u39L1B6uXn/6qSoIKRsJGuBoY2VEmAEBFnoCPFEMJp7w0zYz0Zm5ExoiKiFwP9T1qv3FV782s++///Pd7tBERkq+Qx17eC6+a96tAISIRCoAlJIBIAQSkX44HA4Pvp0z+8AqIoUQKIiZqdZSBJRCCBwDc1ABM5Mxtm70JKJhG5NbMsIXX/7Sx9fMSq4iolJAZXf33kBQvYy0AZgpVoXd/s4Q3NfmBi8YI0TQU5OKKgoAUwhNCG1qNiVrHiozNqkNIajYbrfzbMlJpB6duD8KDXi7RAmX2rzun7KjS9f3kPo5xNfneBgG5rW76lVEx4IegMCIClY9R8GVNwO7vt4eHrphGJpV27Ztn4fdu7e73e6zTz4BnDBQ3LRAAOpEcJ44vWPjL36onvAhcejxRcY7GYI5jCGBIxviYb8bct1e3f6r/64tIv/0X/5TjPGv//oXiBn0mBb/VCKat57pXdz77JjhaiQiOfeOjQIARDT6/hEdu9sFJFUDYrPkEDcew+vKunNyZgbAo0zxd//L/6bqPqJc81By1pLVJAUmUFCBEfPZ0ExRQ4z9cOiHAgCNl2kCFJFm1QKQAyM0sfXc+xhbKcGNXJMNeVRPu/4ArhQemwFQLefp4ZItyPSRfwAWosulmT7h7jjZs+Gc3X3MZl5sJMvPnxKMISA6zmlfhgygTYpNE3POpQ4Pd+/vd3dtam5vrxHxsHtAGNNccDQlkxAo0rffv/37f/j3v/7bf/VwOLx59x6ImlULaoFoVgNGWVcNJnREfwCc8yHVmshocPJQNvlWl2tuefBUNDrxq4xBbwjMUYHIAIDQCADQgAxKHXLfac0315sY+Z/+8T/97ne/a5JebwKT+K7hov+0iGnGEwGAyaPAwzCESDE0SFZK2e93+/3ei10sLL6zoUUN65GZeww1IgBdXd2YmXjc6wjFiQBAMhJDYI8CMTYmDIFUhKIJas0CY5VgUJujw4bcAYCnOIWQ0BORkEwZmGJcpZSSl7AGroJMAcxzRH3vB3A4LMfgBFrYt2dKPbOIL61smzI/Tojh0t52IhfNx3P8OizoYblWzlLCvIc9vp3bdxiRXVZ3sSVwSqlNsTcFN6ZNk+e/YgAld1yZvr6+evvtn5n5ky8+//T1q7f3u6HrN5sNXIieGK/mlACzvHFqn4ELq3/+d47OOCGGp9TixyJFvfqbzZRAArDdbmubai6UMKb4i1/+OovevftWdQCTOXp0vsXTTroRyWCkFvNollrHz58xM44ZdDB5n9jnV1UVxpBSRBKRkiWFxjeUUHKvWlXVajGpYBVUDKTWDKA0GvsATBERUIe+pJTW7ZqZDVBEECIjAaUQY9tsmlUbY2PIZiYGMUQEsAk6fCp85HSFMKa3z6+XUwLycvWfcIan7azUhIgnKOTzPM1zhojTHBy/PdOfsSfMzLKQiWGES9nUmvtD1/c9MxsYgYxLAbygKLAyAmyadHf3XkSaprn55NWmSd3QmxS67Emc5aK5j4gwYi0+4QlwgRhOLBPzMIqjZT5uQChSJ11EHWfVWdZQi5fUOfRdzkOzXl2/ev3tt3+IrFjLzAeeUtp4LWfRIKpVRFWHWsuEVyA4Q6KNP56zvv1SgKMiPJu/PUlYixaiElIkDGYmYoHUcTvDw/u3vjpVVbSoKqo4rQN6KWojT5qY8DTD6CzgUqsipdBSakKIxE2ILVACbIjJw2aIaDkPquBaI8/RxfaIEojPWz8vrWy6ED1x9uSTGYUF95hByU9WzLxjLYPgbVHT5aT5BHmUIXNVdbEeADwGgGqtZch933OglIIiAAgAsSeWgroHoWZtmGTov/7n3+ecbz55lcL24XCgCyX4xgcZd9lpxByg5px0tCTmJSWMURtPpKM5vp8WDQgAZeTwQDSmGiEYiXpaDyFyXwpT2l5fXV3fQnnrgryP+VMhDUfno6oqqqnWKjkP1S009jhK8sz4j7W2/NC3FzJDqeYLrA61dgMgQ4whpGEY5zHkw93YCZwrv6shqIkXWTECIhprpiC2GCInABQRVeAQ23ad1mumRo0MSSoCAFOMIUUmzR2YTDqxzmVSpygJfPz6Ie1kXJ4ZJng8u8tjB1F8umJmtPGTby/zBELksb7qlKU+nxxjbNs2xng4HKxYjGzoZgMQ8+hCQjNEBbU2NbnK+++/K6VwwKvtTRMjGFxyxdsT29HIDfS087CQgk56OFP4CTE4ZiFOYcUzJZR60BEUgsACAJIRGPV9ryKrVQOg+8OhGzoCu7q9Ge4eigwz5vu87pc3nSnBQMxqlSGXMmMcMTPTVNTQzkgKNlrMEKbwFkSota7Xm+vVplbd7Q91GHy/GqZctoBaAIDQFIDIUXYYUGs1JPN8AmRGJkJC5BjCFDaNIcSQ2ia1ITaIDRhUJTU0RRSEELwHCNXsjIUeAGAEyHDDN3sG0vl5vtCYgtkZn/GllbrswAlzOHud0fPyRE+46MNGmL9Vh2obJVrP+vSkpLWDrNgU3ANgjChmPAa9UgoRVNGUifqH/Z//8Cf9Qm9evRqknpUeR6nPzB5rzGDHotcnRD4/5vLfMdp5Gqj5fUbNwaXXhcQg6wyGa2HiDLTf71VVpIRApeZhP8TIm6st102v2aOzxotMKsHJ4Nda1apBFqkixStMz3NxaXIf8QQzMAIiUxQR5nh9fds0q5uu3+/3/kQe8gIAIQ97nJ+PCJiACcGIAZHAmXwIwBSICRi8wIBijDE1m9C0hLEWRVJARuDAETiAhVJNRKUUojq7d4hGDWbcv2xBCUjg6IEvCsE3OVnW875y9vSzKxgnfH14smLmmo32WEByaer8VAAgMtHkept+VGutjGP2c2wc2dNTMNwL6AqVW5MQQM1SCMjU5XL//m0IgWOMq/bsbUfJwQl4uiMa0GTqfEoGZ4lhKbsvKWF+3kejBMpz3YFxQsH/31xdAQCahUDtui2lINnNOr0r76F0fd97PIUn67gNep5Em5KaRatBVS3LCYKF1Hp+BnQyDRkBzqyS+i7f3z9cX/Fms1mvtznnnLPnQwNA6Lr9mEhGhB5IwwE8dn08ZqDAFJGZgMqQzZAxhLhpVlsvdJmHQkzEwDEFrzhrUkoFzSBiJq5nTM0xPAwAxvK9Y3Nk7JdRAsJ5NJcPUsLJUM57/8mKiTECqikaiAoZiB+PnTcyEAQe3xEMVVGNzAwB2aCMKXggIiI1TI1qHW1HYLaQDNWMAHUo/ardhJRsGFAzIpSuv3vz/edf/QoBbNz2CGBECh8D9tQQvJrPSBjkUvyok9u4UyLYjLzo/05+C8cCBDiVjk4GZ8pcldg2EzwuzvgjilCHQkRd14nYzc1NakLOmYiaZpVTyxwdzAEWmbqIEyCNlz8FUa1q4r1g5lmyeJ4SjnMNo3yPgIzY7Xbd7tDdHj7/xVe3t7erZj1RggIQNjdfoYPLBvZ8ZaCAFIjIa1dOxldydtg2V0wxpeQgLji6hz09hRTMKycct5kxuo5ORnaxN59s0ueteAAjpr7NwqLTLcSTlX1p8vyHuPwt4tIvBudshQpj/yfu7PkJKmJT3PTx3VAPUkKMjjHKGLQ4vt+gNafATYopkNahH7rhsO9KV6Rfrdr7+/v9w8PtzavNZlMHNRsrUciIo4ji6aNAsV1/9sWXn3z2qXEQsQpYSu36frvdqlSTYlIJJQWOTCHS/n4/hrxOI+D+hzkhcp4pfwYPHP7gIhsbmsgAqAgOOMlei9YARqD6UmLitm0BtJomsM/X8ff/9F/+8R//8ebmKuf89t33r17dDkPHzGpVtTr8muioHz+y9S20gvM7HSpAhbG0LgAQkMtsKGMYADepvbl5tdlsmKOYXX/62kjBKJCnITEhMxBNZMAUEpqZO/k9b9dIDQAjUgQMgMHcWH7snEwMctx7EMb0y2eH8xEHmMndPgrr+Kdu+vjg+P4EOxBHS/MIhq1m4ojwBuB5sGYoohXU6/eEEFoIb97cPezuRcQ5BQBVq8MwNGnlfhy/PU3jrKV0u/tuvb66ueUYNWdAbjdb4DBm1oHimHVda6UxbQePUtNo31psF2QwIUvS07pSzzVDrQgw61qGKG66IuQUjoDNAJRAA9p+33333ZuUWlUQke12W6uQZ+6DAwIV0eqgWI6Uf1Yt/siG0+', 3, 1, 9, 2, 0, '2022-04-05 19:24:07');
INSERT INTO `tickets` (`id`, `subject`, `description`, `status`, `department_id`, `customer_id`, `staff_id`, `admin_id`, `date_created`) VALUES
(7, 'my laptop does not work ', '&lt;p&gt;it big problem face of me&lt;/p&gt;', 2, 1, 10, 8, 0, '2022-04-05 22:21:44'),
(8, 'demo', '&lt;p&gt;s&lt;/p&gt;', 0, 3, 10, 0, 1, '2022-04-08 19:30:55');

-- --------------------------------------------------------

--
-- Table structure for table `users`
--

DROP TABLE IF EXISTS `users`;
CREATE TABLE IF NOT EXISTS `users` (
  `id` int NOT NULL AUTO_INCREMENT,
  `email` varchar(200) NOT NULL,
  `firstname` varchar(100) NOT NULL,
  `middlename` varchar(100) NOT NULL,
  `lastname` varchar(100) NOT NULL,
  `role` tinyint(1) NOT NULL COMMENT '1 = Admin,2=support',
  `username` varchar(200) NOT NULL,
  `password` text NOT NULL,
  `date_created` int NOT NULL,
  `status` int NOT NULL,
  PRIMARY KEY (`id`)
) ENGINE=InnoDB AUTO_INCREMENT=2 DEFAULT CHARSET=utf8mb4 COLLATE=utf8mb4_0900_ai_ci;

--
-- Dumping data for table `users`
--

INSERT INTO `users` (`id`, `email`, `firstname`, `middlename`, `lastname`, `role`, `username`, `password`, `date_created`, `status`) VALUES
(1, 'admin@gmail.com', 'Admin', '', '', 1, 'admin', '81dc9bdb52d04dc20036dbd8313ed055', 0, 1);
COMMIT;

/*!40101 SET CHARACTER_SET_CLIENT=@OLD_CHARACTER_SET_CLIENT */;
/*!40101 SET CHARACTER_SET_RESULTS=@OLD_CHARACTER_SET_RESULTS */;
/*!40101 SET COLLATION_CONNECTION=@OLD_COLLATION_CONNECTION */;
